$date
	Thu Aug 13 14:28:39 2026
$end
$version
	Icarus Verilog
$end
$timescale
	1s
$end
$scope module tb_alu3_pipeline $end
$var wire 1 ! valid_out $end
$var wire 32 " result [31:0] $end
$var parameter 32 # DATA_W $end
$var parameter 32 $ N_CHECKS $end
$var reg 32 % a [31:0] $end
$var reg 32 & a1_ref [31:0] $end
$var reg 32 ' alu_out_ref [31:0] $end
$var reg 32 ( b [31:0] $end
$var reg 32 ) b1_ref [31:0] $end
$var reg 1 * clk $end
$var reg 3 + op [2:0] $end
$var reg 3 , op1_ref [2:0] $end
$var reg 32 - r2_ref [31:0] $end
$var reg 32 . result_ref [31:0] $end
$var reg 1 / rst_n $end
$var reg 1 0 v1_ref $end
$var reg 1 1 v2_ref $end
$var reg 1 2 valid_in $end
$var reg 1 3 valid_out_ref $end
$var integer 32 4 errors [31:0] $end
$var integer 32 5 nchecks [31:0] $end
$scope module dut $end
$var wire 32 6 a [31:0] $end
$var wire 32 7 b [31:0] $end
$var wire 1 * clk $end
$var wire 3 8 op [2:0] $end
$var wire 1 / rst_n $end
$var wire 1 2 valid_in $end
$var parameter 32 9 DATA_W $end
$var reg 32 : a1 [31:0] $end
$var reg 32 ; alu_out [31:0] $end
$var reg 32 < b1 [31:0] $end
$var reg 3 = op1 [2:0] $end
$var reg 32 > r2 [31:0] $end
$var reg 32 ? result [31:0] $end
$var reg 1 @ v1 $end
$var reg 1 A v2 $end
$var reg 1 ! valid_out $end
$upscope $end
$scope begin $ivl_for_loop0 $end
$var integer 32 B i [31:0] $end
$upscope $end
$upscope $end
$enddefinitions $end
$comment Show the parameter values. $end
$dumpall
b100000 9
b11001000 $
b100000 #
$end
#0
$dumpvars
b0 B
xA
x@
bx ?
bx >
bx =
bx <
bx ;
bx :
b0 8
b0 7
b0 6
b0 5
b0 4
x3
02
x1
x0
0/
bx .
bx -
bx ,
b0 +
0*
bx )
b0 (
bx '
bx &
b0 %
bx "
x!
$end
#5
b0 ;
b0 '
0@
b0 =
b0 <
b0 :
0A
b0 >
0!
b0 "
b0 ?
00
b0 ,
b0 )
b0 &
01
b0 -
03
b0 .
1*
#10
0*
#15
1*
#20
0*
#25
1*
#30
12
1/
0*
#35
10
1@
1*
#40
b1 +
b1 8
b11000000100010010101111010000001 (
b11000000100010010101111010000001 7
b10010000101010011010100100100 %
b10010000101010011010100100100 6
0*
#45
b1010001100010111101011010100011 ;
b1010001100010111101011010100011 '
b1 =
b11000000100010010101111010000001 <
b10010000101010011010100100100 :
1A
b1 ,
b11000000100010010101111010000001 )
b10010000101010011010100100100 &
11
1*
#46
b1 B
b1 5
#50
b101 +
b101 8
b110101110010111101100001101 (
b110101110010111101100001101 7
b10110001111100000101011001100011 %
b10110001111100000101011001100011 6
0*
#55
b1 '
b1 ;
13
b1010001100010111101011010100011 -
b101 ,
b110101110010111101100001101 )
b10110001111100000101011001100011 &
1!
b1010001100010111101011010100011 >
b101 =
b110101110010111101100001101 <
b10110001111100000101011001100011 :
1*
#56
b10 B
b10 5
#60
b1 +
b1 8
b10001001001101110101001000010010 (
b10001001001101110101001000010010 7
b10110010110000101000010001100101 %
b10110010110000101000010001100101 6
0*
#65
b101001100010110011001001010011 ;
b101001100010110011001001010011 '
b1 =
b10001001001101110101001000010010 <
b10110010110000101000010001100101 :
b1 >
b1010001100010111101011010100011 "
b1010001100010111101011010100011 ?
b1 ,
b10001001001101110101001000010010 )
b10110010110000101000010001100101 &
b1 -
b1010001100010111101011010100011 .
1*
#66
b11 B
b11 5
#70
b101 +
b101 8
b111011001000111111000101110110 (
b111011001000111111000101110110 7
b110110101111100110100001101 %
b110110101111100110100001101 6
0*
#75
b1 '
b1 ;
b1 .
b101001100010110011001001010011 -
b101 ,
b111011001000111111000101110110 )
b110110101111100110100001101 &
b1 "
b1 ?
b101001100010110011001001010011 >
b101 =
b111011001000111111000101110110 <
b110110101111100110100001101 :
1*
#76
b100 B
b100 5
#80
b1 +
b1 8
b1000110001011011111011110001100 (
b1000110001011011111011110001100 7
b1110110110101000101011111101101 %
b1110110110101000101011111101101 6
0*
#85
b110000101001100110000001100001 ;
b110000101001100110000001100001 '
b1 =
b1000110001011011111011110001100 <
b1110110110101000101011111101101 :
b1 >
b101001100010110011001001010011 "
b101001100010110011001001010011 ?
b1 ,
b1000110001011011111011110001100 )
b1110110110101000101011111101101 &
b1 -
b101001100010110011001001010011 .
1*
#86
b101 B
b101 5
#90
b10 +
b10 8
b11100010111101111000010011000101 (
b11100010111101111000010011000101 7
b11100011001101110010010011000110 %
b11100011001101110010010011000110 6
0*
#95
b11100010001101110000010011000100 '
b11100010001101110000010011000100 ;
b1 .
b110000101001100110000001100001 -
b10 ,
b11100010111101111000010011000101 )
b11100011001101110010010011000110 &
b1 "
b1 ?
b110000101001100110000001100001 >
b10 =
b11100010111101111000010011000101 <
b11100011001101110010010011000110 :
1*
#96
b110 B
b110 5
#100
b10111011110100100111001001110111 (
b10111011110100100111001001110111 7
b1110010101011111111011111100101 %
b1110010101011111111011111100101 6
0*
#105
b110010100000100111001001100101 ;
b110010100000100111001001100101 '
b10111011110100100111001001110111 <
b1110010101011111111011111100101 :
b11100010001101110000010011000100 >
b110000101001100110000001100001 "
b110000101001100110000001100001 ?
b10111011110100100111001001110111 )
b1110010101011111111011111100101 &
b11100010001101110000010011000100 -
b110000101001100110000001100001 .
1*
#106
b111 B
b111 5
#110
b110 +
b110 8
b1111001001100000110100111110010 (
b1111001001100000110100111110010 7
b1000111111011001101101110001111 %
b1000111111011001101101110001111 6
0*
#115
b1101110001111000000000000000000 '
b1101110001111000000000000000000 ;
b11100010001101110000010011000100 .
b110010100000100111001001100101 -
b110 ,
b1111001001100000110100111110010 )
b1000111111011001101101110001111 &
b11100010001101110000010011000100 "
b11100010001101110000010011000100 ?
b110010100000100111001001100101 >
b110 =
b1111001001100000110100111110010 <
b1000111111011001101101110001111 :
1*
#116
b1000 B
b1000 5
#120
b100 +
b100 8
b11100010110010100100111011000101 (
b11100010110010100100111011000101 7
b11110100000000000111101011101000 %
b11110100000000000111101011101000 6
0*
#125
b10110110010100011010000101101 ;
b10110110010100011010000101101 '
b100 =
b11100010110010100100111011000101 <
b11110100000000000111101011101000 :
b1101110001111000000000000000000 >
b110010100000100111001001100101 "
b110010100000100111001001100101 ?
b100 ,
b11100010110010100100111011000101 )
b11110100000000000111101011101000 &
b1101110001111000000000000000000 -
b110010100000100111001001100101 .
1*
#126
b1001 B
b1001 5
#130
b101 +
b101 8
b10010110101010110101100000101101 (
b10010110101010110101100000101101 7
b11011110100011100010100010111101 %
b11011110100011100010100010111101 6
0*
#135
b0 '
b0 ;
b1101110001111000000000000000000 .
b10110110010100011010000101101 -
b101 ,
b10010110101010110101100000101101 )
b11011110100011100010100010111101 &
b1101110001111000000000000000000 "
b1101110001111000000000000000000 ?
b10110110010100011010000101101 >
b101 =
b10010110101010110101100000101101 <
b11011110100011100010100010111101 :
1*
#136
b1010 B
b1010 5
#140
b0 +
b0 8
b101011100111000011100001010 (
b101011100111000011100001010 7
b10110001111011110110001001100011 %
b10110001111011110110001001100011 6
0*
#145
b10110111011000101110100101101101 ;
b10110111011000101110100101101101 '
b0 =
b101011100111000011100001010 <
b10110001111011110110001001100011 :
b0 >
b10110110010100011010000101101 "
b10110110010100011010000101101 ?
b0 ,
b101011100111000011100001010 )
b10110001111011110110001001100011 &
b0 -
b10110110010100011010000101101 .
1*
#146
b1011 B
b1011 5
#150
b101 +
b101 8
b1010101011110000100010110101010 (
b1010101011110000100010110101010 7
b10000011001000010000100100000 %
b10000011001000010000100100000 6
0*
#155
b1 '
b1 ;
b0 .
b10110111011000101110100101101101 -
b101 ,
b1010101011110000100010110101010 )
b10000011001000010000100100000 &
b0 "
b0 ?
b10110111011000101110100101101101 >
b101 =
b1010101011110000100010110101010 <
b10000011001000010000100100000 :
1*
#156
b1100 B
b1100 5
#160
b10001001100000111011100000010011 (
b10001001100000111011100000010011 7
b11001011001000000011111010010110 %
b11001011001000000011111010010110 6
0*
#165
b0 ;
b0 '
b10001001100000111011100000010011 <
b11001011001000000011111010010110 :
b1 >
b10110111011000101110100101101101 "
b10110111011000101110100101101101 ?
b10001001100000111011100000010011 )
b11001011001000000011111010010110 &
b1 -
b10110111011000101110100101101101 .
1*
#166
b1101 B
b1101 5
#170
b110101100111111101110101101011 (
b110101100111111101110101101011 7
b10101001101001111101011001010011 %
b10101001101001111101011001010011 6
0*
#175
b1 '
b1 ;
b1 .
b0 -
b110101100111111101110101101011 )
b10101001101001111101011001010011 &
b1 "
b1 ?
b0 >
b110101100111111101110101101011 <
b10101001101001111101011001010011 :
1*
#176
b1110 B
b1110 5
#180
b11010111010101100011111010101110 (
b11010111010101100011111010101110 7
b10000001000101110100101000000010 %
b10000001000101110100101000000010 6
0*
#185
b11010111010101100011111010101110 <
b10000001000101110100101000000010 :
b1 >
b0 "
b0 ?
b11010111010101100011111010101110 )
b10000001000101110100101000000010 &
b1 -
b0 .
1*
#186
b1111 B
b1111 5
#190
b10 +
b10 8
b10001100001000100100100100011 (
b10001100001000100100100100011 7
b11100111110001010111001011001111 %
b11100111110001010111001011001111 6
0*
#195
b1100001000100000000000011 '
b1100001000100000000000011 ;
b1 .
b10 ,
b10001100001000100100100100011 )
b11100111110001010111001011001111 &
b1 "
b1 ?
b10 =
b10001100001000100100100100011 <
b11100111110001010111001011001111 :
1*
#196
b10000 B
b10000 5
#200
b10011110001100010100110000111100 (
b10011110001100010100110000111100 7
b11100101011100110000101011001010 %
b11100101011100110000101011001010 6
0*
#205
b10000100001100010000100000001000 ;
b10000100001100010000100000001000 '
b10011110001100010100110000111100 <
b11100101011100110000101011001010 :
b1100001000100000000000011 >
b10011110001100010100110000111100 )
b11100101011100110000101011001010 &
b1100001000100000000000011 -
1*
#206
b10001 B
b10001 5
#210
b0 +
b0 8
b100000110001001011001101000001 (
b100000110001001011001101000001 7
b1000101001011100110000110001010 %
b1000101001011100110000110001010 6
0*
#215
b1100101111100110001010011001011 '
b1100101111100110001010011001011 ;
b1100001000100000000000011 .
b10000100001100010000100000001000 -
b0 ,
b100000110001001011001101000001 )
b1000101001011100110000110001010 &
b1100001000100000000000011 "
b1100001000100000000000011 ?
b10000100001100010000100000001000 >
b0 =
b100000110001001011001101000001 <
b1000101001011100110000110001010 :
1*
#216
b10010 B
b10010 5
#220
b11 +
b11 8
b11000100100010100001001010001001 (
b11000100100010100001001010001001 7
b111100001000001111001101111000 %
b111100001000001111001101111000 6
0*
#225
b11111100101010101111001111111001 ;
b11111100101010101111001111111001 '
b11 =
b11000100100010100001001010001001 <
b111100001000001111001101111000 :
b1100101111100110001010011001011 >
b10000100001100010000100000001000 "
b10000100001100010000100000001000 ?
b11 ,
b11000100100010100001001010001001 )
b111100001000001111001101111000 &
b1100101111100110001010011001011 -
b10000100001100010000100000001000 .
1*
#226
b10011 B
b10011 5
#230
b110 +
b110 8
b1100011010010111111100111000110 (
b1100011010010111111100111000110 7
b1011011000000100110010110110110 %
b1011011000000100110010110110110 6
0*
#235
b11000000100110010110110110000000 '
b11000000100110010110110110000000 ;
b1100101111100110001010011001011 .
b11111100101010101111001111111001 -
b110 ,
b1100011010010111111100111000110 )
b1011011000000100110010110110110 &
b1100101111100110001010011001011 "
b1100101111100110001010011001011 ?
b11111100101010101111001111111001 >
b110 =
b1100011010010111111100111000110 <
b1011011000000100110010110110110 :
1*
#236
b10100 B
b10100 5
#240
b11 +
b11 8
b10101000011111101110100101010 (
b10101000011111101110100101010 7
b11011110011101010000001010111100 %
b11011110011101010000001010111100 6
0*
#245
b11011111011111111101111110111110 ;
b11011111011111111101111110111110 '
b11 =
b10101000011111101110100101010 <
b11011110011101010000001010111100 :
b11000000100110010110110110000000 >
b11111100101010101111001111111001 "
b11111100101010101111001111111001 ?
b11 ,
b10101000011111101110100101010 )
b11011110011101010000001010111100 &
b11000000100110010110110110000000 -
b11111100101010101111001111111001 .
1*
#246
b10101 B
b10101 5
#250
b111 +
b111 8
b1000010111100100100000110000101 (
b1000010111100100100000110000101 7
b10111000100101111011111001110001 %
b10111000100101111011111001110001 6
0*
#255
b101110001001011110111110011 '
b101110001001011110111110011 ;
b11000000100110010110110110000000 .
b11011111011111111101111110111110 -
b111 ,
b1000010111100100100000110000101 )
b10111000100101111011111001110001 &
b11000000100110010110110110000000 "
b11000000100110010110110110000000 ?
b11011111011111111101111110111110 >
b111 =
b1000010111100100100000110000101 <
b10111000100101111011111001110001 :
1*
#256
b10110 B
b10110 5
#260
b110 +
b110 8
b11101000001100011001100111010 (
b11101000001100011001100111010 7
b10011101110011000110000000111011 %
b10011101110011000110000000111011 6
0*
#265
b11101100000000000000000000000000 ;
b11101100000000000000000000000000 '
b110 =
b11101000001100011001100111010 <
b10011101110011000110000000111011 :
b101110001001011110111110011 >
b11011111011111111101111110111110 "
b11011111011111111101111110111110 ?
b110 ,
b11101000001100011001100111010 )
b10011101110011000110000000111011 &
b101110001001011110111110011 -
b11011111011111111101111110111110 .
1*
#266
b10111 B
b10111 5
#270
b1 +
b1 8
b1111000110110011001101111110001 (
b1111000110110011001101111110001 7
b1010101010100100101100010101 %
b1010101010100100101100010101 6
0*
#275
b10010001110100001010111100100100 '
b10010001110100001010111100100100 ;
b101110001001011110111110011 .
b11101100000000000000000000000000 -
b1 ,
b1111000110110011001101111110001 )
b1010101010100100101100010101 &
b101110001001011110111110011 "
b101110001001011110111110011 ?
b11101100000000000000000000000000 >
b1 =
b1111000110110011001101111110001 <
b1010101010100100101100010101 :
1*
#276
b11000 B
b11000 5
#280
b111 +
b111 8
b100110001101011111101101001100 (
b100110001101011111101101001100 7
b110001001000110000011101100010 %
b110001001000110000011101100010 6
0*
#285
b110001001000110000 ;
b110001001000110000 '
b111 =
b100110001101011111101101001100 <
b110001001000110000011101100010 :
b10010001110100001010111100100100 >
b11101100000000000000000000000000 "
b11101100000000000000000000000000 ?
b111 ,
b100110001101011111101101001100 )
b110001001000110000011101100010 &
b10010001110100001010111100100100 -
b11101100000000000000000000000000 .
1*
#286
b11001 B
b11001 5
#290
b1111100011011011010100111111000 (
b1111100011011011010100111111000 7
b1000111101110011010000110001111 %
b1000111101110011010000110001111 6
0*
#295
b1000111 '
b1000111 ;
b10010001110100001010111100100100 .
b110001001000110000 -
b1111100011011011010100111111000 )
b1000111101110011010000110001111 &
b10010001110100001010111100100100 "
b10010001110100001010111100100100 ?
b110001001000110000 >
b1111100011011011010100111111000 <
b1000111101110011010000110001111 :
1*
#296
b11010 B
b11010 5
#300
b11 +
b11 8
b10101110011111011001010001011100 (
b10101110011111011001010001011100 7
b11001111110001000101011010011111 %
b11001111110001000101011010011111 6
0*
#305
b11101111111111011101011011011111 ;
b11101111111111011101011011011111 '
b11 =
b10101110011111011001010001011100 <
b11001111110001000101011010011111 :
b1000111 >
b110001001000110000 "
b110001001000110000 ?
b11 ,
b10101110011111011001010001011100 )
b11001111110001000101011010011111 &
b1000111 -
b110001001000110000 .
1*
#306
b11011 B
b11011 5
#310
b0 +
b0 8
b10100100101011100011001001001001 (
b10100100101011100011001001001001 7
b1000100110111100011011110001001 %
b1000100110111100011011110001001 6
0*
#315
b11101001100011000110100111010010 '
b11101001100011000110100111010010 ;
b1000111 .
b11101111111111011101011011011111 -
b0 ,
b10100100101011100011001001001001 )
b1000100110111100011011110001001 &
b1000111 "
b1000111 ?
b11101111111111011101011011011111 >
b0 =
b10100100101011100011001001001001 <
b1000100110111100011011110001001 :
1*
#316
b11100 B
b11100 5
#320
b110 +
b110 8
b10101000110001111111110001010001 (
b10101000110001111111110001010001 7
b11101011111111101100000011010111 %
b11101011111111101100000011010111 6
0*
#325
b10000001101011100000000000000000 ;
b10000001101011100000000000000000 '
b110 =
b10101000110001111111110001010001 <
b11101011111111101100000011010111 :
b11101001100011000110100111010010 >
b11101111111111011101011011011111 "
b11101111111111011101011011011111 ?
b110 ,
b10101000110001111111110001010001 )
b11101011111111101100000011010111 &
b11101001100011000110100111010010 -
b11101111111111011101011011011111 .
1*
#326
b11101 B
b11101 5
#330
b0 +
b0 8
b11100001001011001100111011000010 (
b11100001001011001100111011000010 7
b110000111010111111100001100 %
b110000111010111111100001100 6
0*
#335
b11100111010010100100110111001110 '
b11100111010010100100110111001110 ;
b11101001100011000110100111010010 .
b10000001101011100000000000000000 -
b0 ,
b11100001001011001100111011000010 )
b110000111010111111100001100 &
b11101001100011000110100111010010 "
b11101001100011000110100111010010 ?
b10000001101011100000000000000000 >
b0 =
b11100001001011001100111011000010 <
b110000111010111111100001100 :
1*
#336
b11110 B
b11110 5
#340
b10 +
b10 8
b11110111100101110110100111101 (
b11110111100101110110100111101 7
b10111011100000100101101001110111 %
b10111011100000100101101001110111 6
0*
#345
b11010100000100100100000110101 ;
b11010100000100100100000110101 '
b10 =
b11110111100101110110100111101 <
b10111011100000100101101001110111 :
b11100111010010100100110111001110 >
b10000001101011100000000000000000 "
b10000001101011100000000000000000 ?
b10 ,
b11110111100101110110100111101 )
b10111011100000100101101001110111 &
b11100111010010100100110111001110 -
b10000001101011100000000000000000 .
1*
#346
b11111 B
b11111 5
#350
b1 +
b1 8
b110110111001011000000101101101 (
b110110111001011000000101101101 7
b10111111000001010000000001111110 %
b10111111000001010000000001111110 6
0*
#355
b10001000000111110111111100010001 '
b10001000000111110111111100010001 ;
b11100111010010100100110111001110 .
b11010100000100100100000110101 -
b1 ,
b110110111001011000000101101101 )
b10111111000001010000000001111110 &
b11100111010010100100110111001110 "
b11100111010010100100110111001110 ?
b11010100000100100100000110101 >
b1 =
b110110111001011000000101101101 <
b10111111000001010000000001111110 :
1*
#356
b100000 B
b100000 5
#360
b101 +
b101 8
b11101001111010111111011011010011 (
b11101001111010111111011011010011 7
b1111110100101000111100011111 %
b1111110100101000111100011111 6
0*
#365
b0 ;
b0 '
b101 =
b11101001111010111111011011010011 <
b1111110100101000111100011111 :
b10001000000111110111111100010001 >
b11010100000100100100000110101 "
b11010100000100100100000110101 ?
b101 ,
b11101001111010111111011011010011 )
b1111110100101000111100011111 &
b10001000000111110111111100010001 -
b11010100000100100100000110101 .
1*
#366
b100001 B
b100001 5
#370
b1 +
b1 8
b101101110110100101100101011011 (
b101101110110100101100101011011 7
b10111100000101001000100001111000 %
b10111100000101001000100001111000 6
0*
#375
b10001110001110100010111100011101 '
b10001110001110100010111100011101 ;
b10001000000111110111111100010001 .
b0 -
b1 ,
b101101110110100101100101011011 )
b10111100000101001000100001111000 &
b10001000000111110111111100010001 "
b10001000000111110111111100010001 ?
b0 >
b1 =
b101101110110100101100101011011 <
b10111100000101001000100001111000 :
1*
#376
b100010 B
b100010 5
#380
b0 +
b0 8
b10101000011001010111100101010 (
b10101000011001010111100101010 7
b10011111111100101010111000111111 %
b10011111111100101010111000111111 6
0*
#385
b10110100111111110101110101101001 ;
b10110100111111110101110101101001 '
b0 =
b10101000011001010111100101010 <
b10011111111100101010111000111111 :
b10001110001110100010111100011101 >
b0 "
b0 ?
b0 ,
b10101000011001010111100101010 )
b10011111111100101010111000111111 &
b10001110001110100010111100011101 -
b0 .
1*
#386
b100011 B
b100011 5
#390
b100 +
b100 8
b11000111000110100000110010001110 (
b11000111000110100000110010001110 7
b11000011001111110011100010000110 %
b11000011001111110011100010000110 6
0*
#395
b100001001010011010000001000 '
b100001001010011010000001000 ;
b10001110001110100010111100011101 .
b10110100111111110101110101101001 -
b100 ,
b11000111000110100000110010001110 )
b11000011001111110011100010000110 &
b10001110001110100010111100011101 "
b10001110001110100010111100011101 ?
b10110100111111110101110101101001 >
b100 =
b11000111000110100000110010001110 <
b11000011001111110011100010000110 :
1*
#396
b100100 B
b100100 5
#400
b11 +
b11 8
b10010011011111011011110000100110 (
b10010011011111011011110000100110 7
b1111101001101011001100111111010 %
b1111101001101011001100111111010 6
0*
#405
b11111111011111011011110111111110 ;
b11111111011111011011110111111110 '
b11 =
b10010011011111011011110000100110 <
b1111101001101011001100111111010 :
b100001001010011010000001000 >
b10110100111111110101110101101001 "
b10110100111111110101110101101001 ?
b11 ,
b10010011011111011011110000100110 )
b1111101001101011001100111111010 &
b100001001010011010000001000 -
b10110100111111110101110101101001 .
1*
#406
b100101 B
b100101 5
#410
b10010111100110011010100000101111 (
b10010111100110011010100000101111 7
b11010001100010111011010010100011 %
b11010001100010111011010010100011 6
0*
#415
b11010111100110111011110010101111 '
b11010111100110111011110010101111 ;
b100001001010011010000001000 .
b11111111011111011011110111111110 -
b10010111100110011010100000101111 )
b11010001100010111011010010100011 &
b100001001010011010000001000 "
b100001001010011010000001000 ?
b11111111011111011011110111111110 >
b10010111100110011010100000101111 <
b11010001100010111011010010100011 :
1*
#416
b100110 B
b100110 5
#420
b111 +
b111 8
b100010001010010000110101000100 (
b100010001010010000110101000100 7
b10101111110110000101011001011111 %
b10101111110110000101011001011111 6
0*
#425
b1010111111011000010101100101 ;
b1010111111011000010101100101 '
b111 =
b100010001010010000110101000100 <
b10101111110110000101011001011111 :
b11010111100110111011110010101111 >
b11111111011111011011110111111110 "
b11111111011111011011110111111110 ?
b111 ,
b100010001010010000110101000100 )
b10101111110110000101011001011111 &
b11010111100110111011110010101111 -
b11111111011111011011110111111110 .
1*
#426
b100111 B
b100111 5
#430
b10 +
b10 8
b11110011000010010001101011100110 (
b11110011000010010001101011100110 7
b11100101100110110011011011001011 %
b11100101100110110011011011001011 6
0*
#435
b11100001000010010001001011000010 '
b11100001000010010001001011000010 ;
b11010111100110111011110010101111 .
b1010111111011000010101100101 -
b10 ,
b11110011000010010001101011100110 )
b11100101100110110011011011001011 &
b11010111100110111011110010101111 "
b11010111100110111011110010101111 ?
b1010111111011000010101100101 >
b10 =
b11110011000010010001101011100110 <
b11100101100110110011011011001011 :
1*
#436
b101000 B
b101000 5
#440
b11110110100000101110001011101101 (
b11110110100000101110001011101101 7
b10100110011111100000100101001 %
b10100110011111100000100101001 6
0*
#445
b10100100000101100000000101001 ;
b10100100000101100000000101001 '
b11110110100000101110001011101101 <
b10100110011111100000100101001 :
b11100001000010010001001011000010 >
b1010111111011000010101100101 "
b1010111111011000010101100101 ?
b11110110100000101110001011101101 )
b10100110011111100000100101001 &
b11100001000010010001001011000010 -
b1010111111011000010101100101 .
1*
#446
b101001 B
b101001 5
#450
b111 +
b111 8
b11011010100010101110001010110101 (
b11011010100010101110001010110101 7
b10110010100111111011011001100101 %
b10110010100111111011011001100101 6
0*
#455
b10110010100 '
b10110010100 ;
b11100001000010010001001011000010 .
b10100100000101100000000101001 -
b111 ,
b11011010100010101110001010110101 )
b10110010100111111011011001100101 &
b11100001000010010001001011000010 "
b11100001000010010001001011000010 ?
b10100100000101100000000101001 >
b111 =
b11011010100010101110001010110101 <
b10110010100111111011011001100101 :
1*
#456
b101010 B
b101010 5
#460
b0 +
b0 8
b100010001100011111111101000100 (
b100010001100011111111101000100 7
b111100111100010001100101111001 %
b111100111100010001100101111001 6
0*
#465
b1011111001000110001100010111101 ;
b1011111001000110001100010111101 '
b0 =
b100010001100011111111101000100 <
b111100111100010001100101111001 :
b10110010100 >
b10100100000101100000000101001 "
b10100100000101100000000101001 ?
b0 ,
b100010001100011111111101000100 )
b111100111100010001100101111001 &
b10110010100 -
b10100100000101100000000101001 .
1*
#466
b101011 B
b101011 5
#470
b110 +
b110 8
b1010101111101101010110110101011 (
b1010101111101101010110110101011 7
b10101000010010000101100101010 %
b10101000010010000101100101010 6
0*
#475
b1001000010110010101000000000000 '
b1001000010110010101000000000000 ;
b10110010100 .
b1011111001000110001100010111101 -
b110 ,
b1010101111101101010110110101011 )
b10101000010010000101100101010 &
b10110010100 "
b10110010100 ?
b1011111001000110001100010111101 >
b110 =
b1010101111101101010110110101011 <
b10101000010010000101100101010 :
1*
#476
b101100 B
b101100 5
#480
b101 +
b101 8
b11001101010111101011110010011010 (
b11001101010111101011110010011010 7
b1101110010111011010110111011100 %
b1101110010111011010110111011100 6
0*
#485
b0 ;
b0 '
b101 =
b11001101010111101011110010011010 <
b1101110010111011010110111011100 :
b1001000010110010101000000000000 >
b1011111001000110001100010111101 "
b1011111001000110001100010111101 ?
b101 ,
b11001101010111101011110010011010 )
b1101110010111011010110111011100 &
b1001000010110010101000000000000 -
b1011111001000110001100010111101 .
1*
#486
b101101 B
b101101 5
#490
b110 +
b110 8
b101011000011101110110101010110 (
b101011000011101110110101010110 7
b11100001111100010000001011000011 %
b11100001111100010000001011000011 6
0*
#495
b10110000110000000000000000000000 '
b10110000110000000000000000000000 ;
b1001000010110010101000000000000 .
b0 -
b110 ,
b101011000011101110110101010110 )
b11100001111100010000001011000011 &
b1001000010110010101000000000000 "
b1001000010110010101000000000000 ?
b0 >
b110 =
b101011000011101110110101010110 <
b11100001111100010000001011000011 :
1*
#496
b101110 B
b101110 5
#500
b10000101001100010011010000001010 (
b10000101001100010011010000001010 7
b10110011110110010111011001100111 %
b10110011110110010111011001100111 6
0*
#505
b1100101110110011001110000000000 ;
b1100101110110011001110000000000 '
b10000101001100010011010000001010 <
b10110011110110010111011001100111 :
b10110000110000000000000000000000 >
b0 "
b0 ?
b10000101001100010011010000001010 )
b10110011110110010111011001100111 &
b10110000110000000000000000000000 -
b0 .
1*
#506
b101111 B
b101111 5
#510
b0 +
b0 8
b111100110100011000011101111001 (
b111100110100011000011101111001 7
b10011100000011101000101000111000 %
b10011100000011101000101000111000 6
0*
#515
b11011000111000000001000110110001 '
b11011000111000000001000110110001 ;
b10110000110000000000000000000000 .
b1100101110110011001110000000000 -
b0 ,
b111100110100011000011101111001 )
b10011100000011101000101000111000 &
b10110000110000000000000000000000 "
b10110000110000000000000000000000 ?
b1100101110110011001110000000000 >
b0 =
b111100110100011000011101111001 <
b10011100000011101000101000111000 :
1*
#516
b110000 B
b110000 5
#520
b100 +
b100 8
b1001001110001100101110110010011 (
b1001001110001100101110110010011 7
b1001010011101001011111110010100 %
b1001010011101001011111110010100 6
0*
#525
b11101100101110001000000111 ;
b11101100101110001000000111 '
b100 =
b1001001110001100101110110010011 <
b1001010011101001011111110010100 :
b11011000111000000001000110110001 >
b1100101110110011001110000000000 "
b1100101110110011001110000000000 ?
b100 ,
b1001001110001100101110110010011 )
b1001010011101001011111110010100 &
b11011000111000000001000110110001 -
b1100101110110011001110000000000 .
1*
#526
b110001 B
b110001 5
#530
b101 +
b101 8
b1101101110010110110100111011011 (
b1101101110010110110100111011011 7
b10101100101101111100101001011001 %
b10101100101101111100101001011001 6
0*
#535
b1 '
b1 ;
b11011000111000000001000110110001 .
b11101100101110001000000111 -
b101 ,
b1101101110010110110100111011011 )
b10101100101101111100101001011001 &
b11011000111000000001000110110001 "
b11011000111000000001000110110001 ?
b11101100101110001000000111 >
b101 =
b1101101110010110110100111011011 <
b10101100101101111100101001011001 :
1*
#536
b110010 B
b110010 5
#540
b110 +
b110 8
b10110110101001000010011001101101 (
b10110110101001000010011001101101 7
b1101100101100001011011111011001 %
b1101100101100001011011111011001 6
0*
#545
b10110111110110010000000000000 ;
b10110111110110010000000000000 '
b110 =
b10110110101001000010011001101101 <
b1101100101100001011011111011001 :
b1 >
b11101100101110001000000111 "
b11101100101110001000000111 ?
b110 ,
b10110110101001000010011001101101 )
b1101100101100001011011111011001 &
b1 -
b11101100101110001000000111 .
1*
#546
b110011 B
b110011 5
#550
b101 +
b101 8
b1011011000101110010110110110110 (
b1011011000101110010110110110110 7
b1100101001110110100100111001010 %
b1100101001110110100100111001010 6
0*
#555
b0 '
b0 ;
b1 .
b10110111110110010000000000000 -
b101 ,
b1011011000101110010110110110110 )
b1100101001110110100100111001010 &
b1 "
b1 ?
b10110111110110010000000000000 >
b101 =
b1011011000101110010110110110110 <
b1100101001110110100100111001010 :
1*
#556
b110100 B
b110100 5
#560
b111 +
b111 8
b10011101001001101100000100 (
b10011101001001101100000100 7
b10100011000001110001101001000110 %
b10100011000001110001101001000110 6
0*
#565
b1010001100000111000110100100 ;
b1010001100000111000110100100 '
b111 =
b10011101001001101100000100 <
b10100011000001110001101001000110 :
b0 >
b10110111110110010000000000000 "
b10110111110110010000000000000 ?
b111 ,
b10011101001001101100000100 )
b10100011000001110001101001000110 &
b0 -
b10110111110110010000000000000 .
1*
#566
b110101 B
b110101 5
#570
b0 +
b0 8
b11011010011011101011101010110100 (
b11011010011011101011101010110100 7
b110100100110000000011101101001 %
b110100100110000000011101101001 6
0*
#575
b1111000001101100001000011101 '
b1111000001101100001000011101 ;
b0 .
b1010001100000111000110100100 -
b0 ,
b11011010011011101011101010110100 )
b110100100110000000011101101001 &
b0 "
b0 ?
b1010001100000111000110100100 >
b0 =
b11011010011011101011101010110100 <
b110100100110000000011101101001 :
1*
#576
b110110 B
b110110 5
#580
b111 +
b111 8
b10010110100100000000010000101101 (
b10010110100100000000010000101101 7
b10100011111001101100100101000 %
b10100011111001101100100101000 6
0*
#585
b1010001111100110 ;
b1010001111100110 '
b111 =
b10010110100100000000010000101101 <
b10100011111001101100100101000 :
b1111000001101100001000011101 >
b1010001100000111000110100100 "
b1010001100000111000110100100 ?
b111 ,
b10010110100100000000010000101101 )
b10100011111001101100100101000 &
b1111000001101100001000011101 -
b1010001100000111000110100100 .
1*
#586
b110111 B
b110111 5
#590
b100 +
b100 8
b10000100011101111110010000001000 (
b10000100011101111110010000001000 7
b10010111010111001001110000101110 %
b10010111010111001001110000101110 6
0*
#595
b10011001010110111100000100110 '
b10011001010110111100000100110 ;
b1111000001101100001000011101 .
b1010001111100110 -
b100 ,
b10000100011101111110010000001000 )
b10010111010111001001110000101110 &
b1111000001101100001000011101 "
b1111000001101100001000011101 ?
b1010001111100110 >
b100 =
b10000100011101111110010000001000 <
b10010111010111001001110000101110 :
1*
#596
b111000 B
b111000 5
#600
b10100100111100000011100101001 (
b10100100111100000011100101001 7
b11111110101001111010011011111101 %
b11111110101001111010011011111101 6
0*
#605
b11101010001110011010000111010100 ;
b11101010001110011010000111010100 '
b10100100111100000011100101001 <
b11111110101001111010011011111101 :
b10011001010110111100000100110 >
b1010001111100110 "
b1010001111100110 ?
b10100100111100000011100101001 )
b11111110101001111010011011111101 &
b10011001010110111100000100110 -
b1010001111100110 .
1*
#606
b111001 B
b111001 5
#610
b101 +
b101 8
b11101101001101000000100011011010 (
b11101101001101000000100011011010 7
b1000011001101010110011110000110 %
b1000011001101010110011110000110 6
0*
#615
b0 '
b0 ;
b10011001010110111100000100110 .
b11101010001110011010000111010100 -
b101 ,
b11101101001101000000100011011010 )
b1000011001101010110011110000110 &
b10011001010110111100000100110 "
b10011001010110111100000100110 ?
b11101010001110011010000111010100 >
b101 =
b11101101001101000000100011011010 <
b1000011001101010110011110000110 :
1*
#616
b111010 B
b111010 5
#620
b11 +
b11 8
b10111000010101011100010001110000 (
b10111000010101011100010001110000 7
b110011010011101010011101100110 %
b110011010011101010011101100110 6
0*
#625
b10111011010111111110011101110110 ;
b10111011010111111110011101110110 '
b11 =
b10111000010101011100010001110000 <
b110011010011101010011101100110 :
b0 >
b11101010001110011010000111010100 "
b11101010001110011010000111010100 ?
b11 ,
b10111000010101011100010001110000 )
b110011010011101010011101100110 &
b0 -
b11101010001110011010000111010100 .
1*
#626
b111011 B
b111011 5
#630
b10 +
b10 8
b101111001110101011001101011110 (
b101111001110101011001101011110 7
b1011101011100011001100110111010 %
b1011101011100011001100110111010 6
0*
#635
b1101001100001001000100011010 '
b1101001100001001000100011010 ;
b0 .
b10111011010111111110011101110110 -
b10 ,
b101111001110101011001101011110 )
b1011101011100011001100110111010 &
b0 "
b0 ?
b10111011010111111110011101110110 >
b10 =
b101111001110101011001101011110 <
b1011101011100011001100110111010 :
1*
#636
b111100 B
b111100 5
#640
b1 +
b1 8
b10001101001001001111011000011010 (
b10001101001001001111011000011010 7
b1101010100011100000010111010101 %
b1101010100011100000010111010101 6
0*
#645
b11011101011010010000111110111011 ;
b11011101011010010000111110111011 '
b1 =
b10001101001001001111011000011010 <
b1101010100011100000010111010101 :
b1101001100001001000100011010 >
b10111011010111111110011101110110 "
b10111011010111111110011101110110 ?
b1 ,
b10001101001001001111011000011010 )
b1101010100011100000010111010101 &
b1101001100001001000100011010 -
b10111011010111111110011101110110 .
1*
#646
b111101 B
b111101 5
#650
b0 +
b0 8
b1001011001001110011011110010110 (
b1001011001001110011011110010110 7
b11011100001110110000100110111 %
b11011100001110110000100110111 6
0*
#655
b1100110101011101001100011001101 '
b1100110101011101001100011001101 ;
b1101001100001001000100011010 .
b11011101011010010000111110111011 -
b0 ,
b1001011001001110011011110010110 )
b11011100001110110000100110111 &
b1101001100001001000100011010 "
b1101001100001001000100011010 ?
b11011101011010010000111110111011 >
b0 =
b1001011001001110011011110010110 <
b11011100001110110000100110111 :
1*
#656
b111110 B
b111110 5
#660
b101 +
b101 8
b11011011010001100001101010110110 (
b11011011010001100001101010110110 7
b10011001001011001111100100110 %
b10011001001011001111100100110 6
0*
#665
b0 ;
b0 '
b101 =
b11011011010001100001101010110110 <
b10011001001011001111100100110 :
b1100110101011101001100011001101 >
b11011101011010010000111110111011 "
b11011101011010010000111110111011 ?
b101 ,
b11011011010001100001101010110110 )
b10011001001011001111100100110 &
b1100110101011101001100011001101 -
b11011101011010010000111110111011 .
1*
#666
b111111 B
b111111 5
#670
b0 +
b0 8
b1000011011000010101011110000110 (
b1000011011000010101011110000110 7
b1101110010111110000111111011100 %
b1101110010111110000111111011100 6
0*
#675
b10110001110000000110011101100010 '
b10110001110000000110011101100010 ;
b1100110101011101001100011001101 .
b0 -
b0 ,
b1000011011000010101011110000110 )
b1101110010111110000111111011100 &
b1100110101011101001100011001101 "
b1100110101011101001100011001101 ?
b0 >
b0 =
b1000011011000010101011110000110 <
b1101110010111110000111111011100 :
1*
#676
b1000000 B
b1000000 5
#680
b111 +
b111 8
b11101101100011011000000011011011 (
b11101101100011011000000011011011 7
b111111010110101001101101111110 %
b111111010110101001101101111110 6
0*
#685
b111 ;
b111 '
b111 =
b11101101100011011000000011011011 <
b111111010110101001101101111110 :
b10110001110000000110011101100010 >
b0 "
b0 ?
b111 ,
b11101101100011011000000011011011 )
b111111010110101001101101111110 &
b10110001110000000110011101100010 -
b0 .
1*
#686
b1000001 B
b1000001 5
#690
b1 +
b1 8
b11111101001010001110010011111010 (
b11111101001010001110010011111010 7
b111100111011010010101101111001 %
b111100111011010010101101111001 6
0*
#695
b111111110001000100011001111111 '
b111111110001000100011001111111 ;
b10110001110000000110011101100010 .
b111 -
b1 ,
b11111101001010001110010011111010 )
b111100111011010010101101111001 &
b10110001110000000110011101100010 "
b10110001110000000110011101100010 ?
b111 >
b1 =
b11111101001010001110010011111010 <
b111100111011010010101101111001 :
1*
#696
b1000010 B
b1000010 5
#700
b110 +
b110 8
b11010000111101010111100010100001 (
b11010000111101010111100010100001 7
b1011100101000000100100010111 %
b1011100101000000100100010111 6
0*
#705
b10111001010000001001000101110 ;
b10111001010000001001000101110 '
b110 =
b11010000111101010111100010100001 <
b1011100101000000100100010111 :
b111111110001000100011001111111 >
b111 "
b111 ?
b110 ,
b11010000111101010111100010100001 )
b1011100101000000100100010111 &
b111111110001000100011001111111 -
b111 .
1*
#706
b1000011 B
b1000011 5
#710
b101 +
b101 8
b1111010100011000101100111110101 (
b1111010100011000101100111110101 7
b10101000011000111001011001010000 %
b10101000011000111001011001010000 6
0*
#715
b1 '
b1 ;
b111111110001000100011001111111 .
b10111001010000001001000101110 -
b101 ,
b1111010100011000101100111110101 )
b10101000011000111001011001010000 &
b111111110001000100011001111111 "
b111111110001000100011001111111 ?
b10111001010000001001000101110 >
b101 =
b1111010100011000101100111110101 <
b10101000011000111001011001010000 :
1*
#716
b1000100 B
b1000100 5
#720
b1100000101100010111010111000001 (
b1100000101100010111010111000001 7
b10010100100110101000101000101001 %
b10010100100110101000101000101001 6
0*
#725
b1100000101100010111010111000001 <
b10010100100110101000101000101001 :
b1 >
b10111001010000001001000101110 "
b10111001010000001001000101110 ?
b1100000101100010111010111000001 )
b10010100100110101000101000101001 &
b1 -
b10111001010000001001000101110 .
1*
#726
b1000101 B
b1000101 5
#730
b11 +
b11 8
b100101101100100111101101001011 (
b100101101100100111101101001011 7
b11001100000000011011010010011000 %
b11001100000000011011010010011000 6
0*
#735
b11101101101100111111111111011011 '
b11101101101100111111111111011011 ;
b1 .
b11 ,
b100101101100100111101101001011 )
b11001100000000011011010010011000 &
b1 "
b1 ?
b11 =
b100101101100100111101101001011 <
b11001100000000011011010010011000 :
1*
#736
b1000110 B
b1000110 5
#740
b110 +
b110 8
b11000101010100000001011010001010 (
b11000101010100000001011010001010 7
b11110110001000101110011011101100 %
b11110110001000101110011011101100 6
0*
#745
b10001011100110111011000000000000 ;
b10001011100110111011000000000000 '
b110 =
b11000101010100000001011010001010 <
b11110110001000101110011011101100 :
b11101101101100111111111111011011 >
b110 ,
b11000101010100000001011010001010 )
b11110110001000101110011011101100 &
b11101101101100111111111111011011 -
1*
#746
b1000111 B
b1000111 5
#750
b1 +
b1 8
b1010100100111101111110110101001 (
b1010100100111101111110110101001 7
b11010100010010111000000010101000 %
b11010100010010111000000010101000 6
0*
#755
b1111111101011001000001011111111 '
b1111111101011001000001011111111 ;
b11101101101100111111111111011011 .
b10001011100110111011000000000000 -
b1 ,
b1010100100111101111110110101001 )
b11010100010010111000000010101000 &
b11101101101100111111111111011011 "
b11101101101100111111111111011011 ?
b10001011100110111011000000000000 >
b1 =
b1010100100111101111110110101001 <
b11010100010010111000000010101000 :
1*
#756
b1001000 B
b1001000 5
#760
b111 +
b111 8
b11110011001101000110011011100110 (
b11110011001101000110011011100110 7
b111000010111011100100001110 %
b111000010111011100100001110 6
0*
#765
b111000010111011100100 ;
b111000010111011100100 '
b111 =
b11110011001101000110011011100110 <
b111000010111011100100001110 :
b1111111101011001000001011111111 >
b10001011100110111011000000000000 "
b10001011100110111011000000000000 ?
b111 ,
b11110011001101000110011011100110 )
b111000010111011100100001110 &
b1111111101011001000001011111111 -
b10001011100110111011000000000000 .
1*
#766
b1001001 B
b1001001 5
#770
b101 +
b101 8
b10101010110100001110100101010 (
b10101010110100001110100101010 7
b10101001011111011010100101010 %
b10101001011111011010100101010 6
0*
#775
b1 '
b1 ;
b1111111101011001000001011111111 .
b111000010111011100100 -
b101 ,
b10101010110100001110100101010 )
b10101001011111011010100101010 &
b1111111101011001000001011111111 "
b1111111101011001000001011111111 ?
b111000010111011100100 >
b101 =
b10101010110100001110100101010 <
b10101001011111011010100101010 :
1*
#776
b1001010 B
b1001010 5
#780
b1 +
b1 8
b10011100011011011110011000111000 (
b10011100011011011110011000111000 7
b1001111011101011111111110011110 %
b1001111011101011111111110011110 6
0*
#785
b10110011000010000001100101100110 ;
b10110011000010000001100101100110 '
b1 =
b10011100011011011110011000111000 <
b1001111011101011111111110011110 :
b1 >
b111000010111011100100 "
b111000010111011100100 ?
b1 ,
b10011100011011011110011000111000 )
b1001111011101011111111110011110 &
b1 -
b111000010111011100100 .
1*
#786
b1001011 B
b1001011 5
#790
b11 +
b11 8
b1100101001000110100010111001010 (
b1100101001000110100010111001010 7
b1100100011001001110001111001000 %
b1100100011001001110001111001000 6
0*
#795
b1100101011001111110011111001010 '
b1100101011001111110011111001010 ;
b1 .
b10110011000010000001100101100110 -
b11 ,
b1100101001000110100010111001010 )
b1100100011001001110001111001000 &
b1 "
b1 ?
b10110011000010000001100101100110 >
b11 =
b1100101001000110100010111001010 <
b1100100011001001110001111001000 :
1*
#796
b1001100 B
b1001100 5
#800
b110 +
b110 8
b11100011101101111010111011000111 (
b11100011101101111010111011000111 7
b110101101000001100100101101011 %
b110101101000001100100101101011 6
0*
#805
b11010000011001001011010110000000 ;
b11010000011001001011010110000000 '
b110 =
b11100011101101111010111011000111 <
b110101101000001100100101101011 :
b1100101011001111110011111001010 >
b10110011000010000001100101100110 "
b10110011000010000001100101100110 ?
b110 ,
b11100011101101111010111011000111 )
b110101101000001100100101101011 &
b1100101011001111110011111001010 -
b10110011000010000001100101100110 .
1*
#806
b1001101 B
b1001101 5
#810
b1 +
b1 8
b1100010000101101010101111000100 (
b1100010000101101010101111000100 7
b1011101000001011001110110111010 %
b1011101000001011001110110111010 6
0*
#815
b11111010111011101111000111110110 '
b11111010111011101111000111110110 ;
b1100101011001111110011111001010 .
b11010000011001001011010110000000 -
b1 ,
b1100010000101101010101111000100 )
b1011101000001011001110110111010 &
b1100101011001111110011111001010 "
b1100101011001111110011111001010 ?
b11010000011001001011010110000000 >
b1 =
b1100010000101101010101111000100 <
b1011101000001011001110110111010 :
1*
#816
b1001110 B
b1001110 5
#820
b111 +
b111 8
b11011010001001101001101010110100 (
b11011010001001101001101010110100 7
b1001001001011111101001110010010 %
b1001001001011111101001110010010 6
0*
#825
b10010010010 ;
b10010010010 '
b111 =
b11011010001001101001101010110100 <
b1001001001011111101001110010010 :
b11111010111011101111000111110110 >
b11010000011001001011010110000000 "
b11010000011001001011010110000000 ?
b111 ,
b11011010001001101001101010110100 )
b1001001001011111101001110010010 &
b11111010111011101111000111110110 -
b11010000011001001011010110000000 .
1*
#826
b1001111 B
b1001111 5
#830
b10 +
b10 8
b1111101011011011111010111111010 (
b1111101011011011111010111111010 7
b11000011001100111001000010000110 %
b11000011001100111001000010000110 6
0*
#835
b1000001001000011001000010000010 '
b1000001001000011001000010000010 ;
b11111010111011101111000111110110 .
b10010010010 -
b10 ,
b1111101011011011111010111111010 )
b11000011001100111001000010000110 &
b11111010111011101111000111110110 "
b11111010111011101111000111110110 ?
b10010010010 >
b10 =
b1111101011011011111010111111010 <
b11000011001100111001000010000110 :
1*
#836
b1010000 B
b1010000 5
#840
b100 +
b100 8
b11011110110011100101111010111101 (
b11011110110011100101111010111101 7
b11001010001010010000100110010 %
b11001010001010010000100110010 6
0*
#845
b11000111100010110111111110001111 ;
b11000111100010110111111110001111 '
b100 =
b11011110110011100101111010111101 <
b11001010001010010000100110010 :
b1000001001000011001000010000010 >
b10010010010 "
b10010010010 ?
b100 ,
b11011110110011100101111010111101 )
b11001010001010010000100110010 &
b1000001001000011001000010000010 -
b10010010010 .
1*
#846
b1010001 B
b1010001 5
#850
b1 +
b1 8
b1100101010000111100111111001010 (
b1100101010000111100111111001010 7
b11110010010010011010010011100100 %
b11110010010010011010010011100100 6
0*
#855
b10001101000001011101010100011010 '
b10001101000001011101010100011010 ;
b1000001001000011001000010000010 .
b11000111100010110111111110001111 -
b1 ,
b1100101010000111100111111001010 )
b11110010010010011010010011100100 &
b1000001001000011001000010000010 "
b1000001001000011001000010000010 ?
b11000111100010110111111110001111 >
b1 =
b1100101010000111100111111001010 <
b11110010010010011010010011100100 :
1*
#856
b1010010 B
b1010010 5
#860
b11 +
b11 8
b1000111011001011010100110001110 (
b1000111011001011010100110001110 7
b11010000100101011010100010100001 %
b11010000100101011010100010100001 6
0*
#865
b11010111111101011010100110101111 ;
b11010111111101011010100110101111 '
b11 =
b1000111011001011010100110001110 <
b11010000100101011010100010100001 :
b10001101000001011101010100011010 >
b11000111100010110111111110001111 "
b11000111100010110111111110001111 ?
b11 ,
b1000111011001011010100110001110 )
b11010000100101011010100010100001 &
b10001101000001011101010100011010 -
b11000111100010110111111110001111 .
1*
#866
b1010011 B
b1010011 5
#870
b1 +
b1 8
b11110111100000101001000011101111 (
b11110111100000101001000011101111 7
b10000101111001010001111000001011 %
b10000101111001010001111000001011 6
0*
#875
b10001110011000101000110100011100 '
b10001110011000101000110100011100 ;
b10001101000001011101010100011010 .
b11010111111101011010100110101111 -
b1 ,
b11110111100000101001000011101111 )
b10000101111001010001111000001011 &
b10001101000001011101010100011010 "
b10001101000001011101010100011010 ?
b11010111111101011010100110101111 >
b1 =
b11110111100000101001000011101111 <
b10000101111001010001111000001011 :
1*
#876
b1010100 B
b1010100 5
#880
b111 +
b111 8
b10111010101100010100100001110101 (
b10111010101100010100100001110101 7
b11011011000001110010100110110 %
b11011011000001110010100110110 6
0*
#885
b11011011 ;
b11011011 '
b111 =
b10111010101100010100100001110101 <
b11011011000001110010100110110 :
b10001110011000101000110100011100 >
b11010111111101011010100110101111 "
b11010111111101011010100110101111 ?
b111 ,
b10111010101100010100100001110101 )
b11011011000001110010100110110 &
b10001110011000101000110100011100 -
b11010111111101011010100110101111 .
1*
#886
b1010101 B
b1010101 5
#890
b110 +
b110 8
b1000100011001011110011110001000 (
b1000100011001011110011110001000 7
b110101110011011011111101101011 %
b110101110011011011111101101011 6
0*
#895
b11001101101111110110101100000000 '
b11001101101111110110101100000000 ;
b10001110011000101000110100011100 .
b11011011 -
b110 ,
b1000100011001011110011110001000 )
b110101110011011011111101101011 &
b10001110011000101000110100011100 "
b10001110011000101000110100011100 ?
b11011011 >
b110 =
b1000100011001011110011110001000 <
b110101110011011011111101101011 :
1*
#896
b1010110 B
b1010110 5
#900
b0 +
b0 8
b1001001001111100100010110010010 (
b1001001001111100100010110010010 7
b1001101111100111000000110011011 %
b1001101111100111000000110011011 6
0*
#905
b10010111001100011100011100101101 ;
b10010111001100011100011100101101 '
b0 =
b1001001001111100100010110010010 <
b1001101111100111000000110011011 :
b11001101101111110110101100000000 >
b11011011 "
b11011011 ?
b0 ,
b1001001001111100100010110010010 )
b1001101111100111000000110011011 &
b11001101101111110110101100000000 -
b11011011 .
1*
#906
b1010111 B
b1010111 5
#910
b10 +
b10 8
b100101101101110101111101001011 (
b100101101101110101111101001011 7
b10010110100001001110000000101101 %
b10010110100001001110000000101101 6
0*
#915
b100100001000100000000001001 '
b100100001000100000000001001 ;
b11001101101111110110101100000000 .
b10010111001100011100011100101101 -
b10 ,
b100101101101110101111101001011 )
b10010110100001001110000000101101 &
b11001101101111110110101100000000 "
b11001101101111110110101100000000 ?
b10010111001100011100011100101101 >
b10 =
b100101101101110101111101001011 <
b10010110100001001110000000101101 :
1*
#916
b1011000 B
b1011000 5
#920
b100 +
b100 8
b110101100110000010100001101 (
b110101100110000010100001101 7
b10001111000111001111011000011110 %
b10001111000111001111011000011110 6
0*
#925
b10001001101011111111001100010011 ;
b10001001101011111111001100010011 '
b100 =
b110101100110000010100001101 <
b10001111000111001111011000011110 :
b100100001000100000000001001 >
b10010111001100011100011100101101 "
b10010111001100011100011100101101 ?
b100 ,
b110101100110000010100001101 )
b10001111000111001111011000011110 &
b100100001000100000000001001 -
b10010111001100011100011100101101 .
1*
#926
b1011001 B
b1011001 5
#930
b110 +
b110 8
b1101000101011100001101111010001 (
b1101000101011100001101111010001 7
b1100000000111001110100011000 %
b1100000000111001110100011000 6
0*
#935
b111010001100000000000000000000 '
b111010001100000000000000000000 ;
b100100001000100000000001001 .
b10001001101011111111001100010011 -
b110 ,
b1101000101011100001101111010001 )
b1100000000111001110100011000 &
b100100001000100000000001001 "
b100100001000100000000001001 ?
b10001001101011111111001100010011 >
b110 =
b1101000101011100001101111010001 <
b1100000000111001110100011000 :
1*
#936
b1011010 B
b1011010 5
#940
b0 +
b0 8
b10011101101111110110010000111011 (
b10011101101111110110010000111011 7
b10100000110000000010010001000001 %
b10100000110000000010010001000001 6
0*
#945
b111110011111111000100001111100 ;
b111110011111111000100001111100 '
b0 =
b10011101101111110110010000111011 <
b10100000110000000010010001000001 :
b111010001100000000000000000000 >
b10001001101011111111001100010011 "
b10001001101011111111001100010011 ?
b0 ,
b10011101101111110110010000111011 )
b10100000110000000010010001000001 &
b111010001100000000000000000000 -
b10001001101011111111001100010011 .
1*
#946
b1011011 B
b1011011 5
#950
b11 +
b11 8
b10101011000110010110001001010110 (
b10101011000110010110001001010110 7
b101001111011111110100101010011 %
b101001111011111110100101010011 6
0*
#955
b10101011111111111110101101010111 '
b10101011111111111110101101010111 ;
b111010001100000000000000000000 .
b111110011111111000100001111100 -
b11 ,
b10101011000110010110001001010110 )
b101001111011111110100101010011 &
b111010001100000000000000000000 "
b111010001100000000000000000000 ?
b111110011111111000100001111100 >
b11 =
b10101011000110010110001001010110 <
b101001111011111110100101010011 :
1*
#956
b1011100 B
b1011100 5
#960
b10000010011100111110001000000100 (
b10000010011100111110001000000100 7
b11110001011001101111101011100010 %
b11110001011001101111101011100010 6
0*
#965
b11110011011101111111101011100110 ;
b11110011011101111111101011100110 '
b10000010011100111110001000000100 <
b11110001011001101111101011100010 :
b10101011111111111110101101010111 >
b111110011111111000100001111100 "
b111110011111111000100001111100 ?
b10000010011100111110001000000100 )
b11110001011001101111101011100010 &
b10101011111111111110101101010111 -
b111110011111111000100001111100 .
1*
#966
b1011101 B
b1011101 5
#970
b0 +
b0 8
b1001001111100100110100010010 (
b1001001111100100110100010010 7
b11101100010100001011010011011000 %
b11101100010100001011010011011000 6
0*
#975
b11110101100011110000000111101010 '
b11110101100011110000000111101010 ;
b10101011111111111110101101010111 .
b11110011011101111111101011100110 -
b0 ,
b1001001111100100110100010010 )
b11101100010100001011010011011000 &
b10101011111111111110101101010111 "
b10101011111111111110101101010111 ?
b11110011011101111111101011100110 >
b0 =
b1001001111100100110100010010 <
b11101100010100001011010011011000 :
1*
#976
b1011110 B
b1011110 5
#980
b1 +
b1 8
b11110010100001111011011011100101 (
b11110010100001111011011011100101 7
b10011100100000010001001000111001 %
b10011100100000010001001000111001 6
0*
#985
b10101001111110010101101101010100 ;
b10101001111110010101101101010100 '
b1 =
b11110010100001111011011011100101 <
b10011100100000010001001000111001 :
b11110101100011110000000111101010 >
b11110011011101111111101011100110 "
b11110011011101111111101011100110 ?
b1 ,
b11110010100001111011011011100101 )
b10011100100000010001001000111001 &
b11110101100011110000000111101010 -
b11110011011101111111101011100110 .
1*
#986
b1011111 B
b1011111 5
#990
b0 +
b0 8
b1000000100100000101110110000001 (
b1000000100100000101110110000001 7
b10101100010010000111100101011 %
b10101100010010000111100101011 6
0*
#995
b1010110000110010110110010101100 '
b1010110000110010110110010101100 ;
b11110101100011110000000111101010 .
b10101001111110010101101101010100 -
b0 ,
b1000000100100000101110110000001 )
b10101100010010000111100101011 &
b11110101100011110000000111101010 "
b11110101100011110000000111101010 ?
b10101001111110010101101101010100 >
b0 =
b1000000100100000101110110000001 <
b10101100010010000111100101011 :
1*
#996
b1100000 B
b1100000 5
#1000
b111 +
b111 8
b1010000110101011111100110100001 (
b1010000110101011111100110100001 7
b10011101101010101010100100111 %
b10011101101010101010100100111 6
0*
#1005
b1001110110101010101010010011 ;
b1001110110101010101010010011 '
b111 =
b1010000110101011111100110100001 <
b10011101101010101010100100111 :
b1010110000110010110110010101100 >
b10101001111110010101101101010100 "
b10101001111110010101101101010100 ?
b111 ,
b1010000110101011111100110100001 )
b10011101101010101010100100111 &
b1010110000110010110110010101100 -
b10101001111110010101101101010100 .
1*
#1006
b1100001 B
b1100001 5
#1010
b110 +
b110 8
b101100001011010010001101011000 (
b101100001011010010001101011000 7
b10000010001000100011101000000100 %
b10000010001000100011101000000100 6
0*
#1015
b100000000000000000000000000 '
b100000000000000000000000000 ;
b1010110000110010110110010101100 .
b1001110110101010101010010011 -
b110 ,
b101100001011010010001101011000 )
b10000010001000100011101000000100 &
b1010110000110010110110010101100 "
b1010110000110010110110010101100 ?
b1001110110101010101010010011 >
b110 =
b101100001011010010001101011000 <
b10000010001000100011101000000100 :
1*
#1016
b1100010 B
b1100010 5
#1020
b10001001000110011011010000010010 (
b10001001000110011011010000010010 7
b1010011011101001001100010100 %
b1010011011101001001100010100 6
0*
#1025
b1001100010100000000000000000000 ;
b1001100010100000000000000000000 '
b10001001000110011011010000010010 <
b1010011011101001001100010100 :
b100000000000000000000000000 >
b1001110110101010101010010011 "
b1001110110101010101010010011 ?
b10001001000110011011010000010010 )
b1010011011101001001100010100 &
b100000000000000000000000000 -
b1001110110101010101010010011 .
1*
#1026
b1100011 B
b1100011 5
#1030
b101 +
b101 8
b101010110000101101010101010101 (
b101010110000101101010101010101 7
b11011000101011001110001010110001 %
b11011000101011001110001010110001 6
0*
#1035
b1 '
b1 ;
b100000000000000000000000000 .
b1001100010100000000000000000000 -
b101 ,
b101010110000101101010101010101 )
b11011000101011001110001010110001 &
b100000000000000000000000000 "
b100000000000000000000000000 ?
b1001100010100000000000000000000 >
b101 =
b101010110000101101010101010101 <
b11011000101011001110001010110001 :
1*
#1036
b1100100 B
b1100100 5
#1040
b1111010101100010001101111110101 (
b1111010101100010001101111110101 7
b10101100010110010101100101011 %
b10101100010110010101100101011 6
0*
#1045
b1111010101100010001101111110101 <
b10101100010110010101100101011 :
b1 >
b1001100010100000000000000000000 "
b1001100010100000000000000000000 ?
b1111010101100010001101111110101 )
b10101100010110010101100101011 &
b1 -
b1001100010100000000000000000000 .
1*
#1046
b1100101 B
b1100101 5
#1050
b111 +
b111 8
b1000010010010011111111110000100 (
b1000010010010011111111110000100 7
b10010011110000010010001000100111 %
b10010011110000010010001000100111 6
0*
#1055
b1001001111000001001000100010 '
b1001001111000001001000100010 ;
b1 .
b111 ,
b1000010010010011111111110000100 )
b10010011110000010010001000100111 &
b1 "
b1 ?
b111 =
b1000010010010011111111110000100 <
b10010011110000010010001000100111 :
1*
#1056
b1100110 B
b1100110 5
#1060
b1 +
b1 8
b11011100111011111001000010111001 (
b11011100111011111001000010111001 7
b11110011110101111010011011100111 %
b11110011110101111010011011100111 6
0*
#1065
b10110111010000001011000101110 ;
b10110111010000001011000101110 '
b1 =
b11011100111011111001000010111001 <
b11110011110101111010011011100111 :
b1001001111000001001000100010 >
b1 ,
b11011100111011111001000010111001 )
b11110011110101111010011011100111 &
b1001001111000001001000100010 -
1*
#1066
b1100111 B
b1100111 5
#1070
b1100100101110100000111111001001 (
b1100100101110100000111111001001 7
b1101101111001011011101111011011 %
b1101101111001011011101111011011 6
0*
#1075
b1001001010111010110000010010 '
b1001001010111010110000010010 ;
b1001001111000001001000100010 .
b10110111010000001011000101110 -
b1100100101110100000111111001001 )
b1101101111001011011101111011011 &
b1001001111000001001000100010 "
b1001001111000001001000100010 ?
b10110111010000001011000101110 >
b1100100101110100000111111001001 <
b1101101111001011011101111011011 :
1*
#1076
b1101000 B
b1101000 5
#1080
b10 +
b10 8
b10101010001101101110100101010 (
b10101010001101101110100101010 7
b11010000101111000101111010100001 %
b11010000101111000101111010100001 6
0*
#1085
b10000000001000101110000100000 ;
b10000000001000101110000100000 '
b10 =
b10101010001101101110100101010 <
b11010000101111000101111010100001 :
b1001001010111010110000010010 >
b10110111010000001011000101110 "
b10110111010000001011000101110 ?
b10 ,
b10101010001101101110100101010 )
b11010000101111000101111010100001 &
b1001001010111010110000010010 -
b10110111010000001011000101110 .
1*
#1086
b1101001 B
b1101001 5
#1090
b100 +
b100 8
b1000001101000010000010110000011 (
b1000001101000010000010110000011 7
b10100010111001100010000001000101 %
b10100010111001100010000001000101 6
0*
#1095
b11100011010001110010010111000110 '
b11100011010001110010010111000110 ;
b1001001010111010110000010010 .
b10000000001000101110000100000 -
b100 ,
b1000001101000010000010110000011 )
b10100010111001100010000001000101 &
b1001001010111010110000010010 "
b1001001010111010110000010010 ?
b10000000001000101110000100000 >
b100 =
b1000001101000010000010110000011 <
b10100010111001100010000001000101 :
1*
#1096
b1101010 B
b1101010 5
#1100
b0 +
b0 8
b11111111010011110011110011111110 (
b11111111010011110011110011111110 7
b10111001010001100001010001110010 %
b10111001010001100001010001110010 6
0*
#1105
b10111000100101010101000101110000 ;
b10111000100101010101000101110000 '
b0 =
b11111111010011110011110011111110 <
b10111001010001100001010001110010 :
b11100011010001110010010111000110 >
b10000000001000101110000100000 "
b10000000001000101110000100000 ?
b0 ,
b11111111010011110011110011111110 )
b10111001010001100001010001110010 &
b11100011010001110010010111000110 -
b10000000001000101110000100000 .
1*
#1106
b1101011 B
b1101011 5
#1110
b1000011010001100000110110000110 (
b1000011010001100000110110000110 7
b10110111110111111010101001101111 %
b10110111110111111010101001101111 6
0*
#1115
b11111011001001011011011111110101 '
b11111011001001011011011111110101 ;
b11100011010001110010010111000110 .
b10111000100101010101000101110000 -
b1000011010001100000110110000110 )
b10110111110111111010101001101111 &
b11100011010001110010010111000110 "
b11100011010001110010010111000110 ?
b10111000100101010101000101110000 >
b1000011010001100000110110000110 <
b10110111110111111010101001101111 :
1*
#1116
b1101100 B
b1101100 5
#1120
b100000011101101001000101000000 (
b100000011101101001000101000000 7
b11100011100011001011100111000 %
b11100011100011001011100111000 6
0*
#1125
b111100111010000010100001111000 ;
b111100111010000010100001111000 '
b100000011101101001000101000000 <
b11100011100011001011100111000 :
b11111011001001011011011111110101 >
b10111000100101010101000101110000 "
b10111000100101010101000101110000 ?
b100000011101101001000101000000 )
b11100011100011001011100111000 &
b11111011001001011011011111110101 -
b10111000100101010101000101110000 .
1*
#1126
b1101101 B
b1101101 5
#1130
b11100010101111110001101011000101 (
b11100010101111110001101011000101 7
b1111011000011011010100111110110 %
b1111011000011011010100111110110 6
0*
#1135
b1011101110011001100010010111011 '
b1011101110011001100010010111011 ;
b11111011001001011011011111110101 .
b111100111010000010100001111000 -
b11100010101111110001101011000101 )
b1111011000011011010100111110110 &
b11111011001001011011011111110101 "
b11111011001001011011011111110101 ?
b111100111010000010100001111000 >
b11100010101111110001101011000101 <
b1111011000011011010100111110110 :
1*
#1136
b1101110 B
b1101110 5
#1140
b11100110111100111000100111001 (
b11100110111100111000100111001 7
b111010011000100101111101110100 %
b111010011000100101111101110100 6
0*
#1145
b1010111010000001101000010101101 ;
b1010111010000001101000010101101 '
b11100110111100111000100111001 <
b111010011000100101111101110100 :
b1011101110011001100010010111011 >
b111100111010000010100001111000 "
b111100111010000010100001111000 ?
b11100110111100111000100111001 )
b111010011000100101111101110100 &
b1011101110011001100010010111011 -
b111100111010000010100001111000 .
1*
#1146
b1101111 B
b1101111 5
#1150
b10 +
b10 8
b10101001000011001001100101010 (
b10101001000011001001100101010 7
b11110000111001000011100111100 %
b11110000111001000011100111100 6
0*
#1155
b10100000000001000001100101000 '
b10100000000001000001100101000 ;
b1011101110011001100010010111011 .
b1010111010000001101000010101101 -
b10 ,
b10101001000011001001100101010 )
b11110000111001000011100111100 &
b1011101110011001100010010111011 "
b1011101110011001100010010111011 ?
b1010111010000001101000010101101 >
b10 =
b10101001000011001001100101010 <
b11110000111001000011100111100 :
1*
#1156
b1110000 B
b1110000 5
#1160
b111 +
b111 8
b11110000101100010100111011100001 (
b11110000101100010100111011100001 7
b1010111011000011010100010101 %
b1010111011000011010100010101 6
0*
#1165
b101011101100001101010001010 ;
b101011101100001101010001010 '
b111 =
b11110000101100010100111011100001 <
b1010111011000011010100010101 :
b10100000000001000001100101000 >
b1010111010000001101000010101101 "
b1010111010000001101000010101101 ?
b111 ,
b11110000101100010100111011100001 )
b1010111011000011010100010101 &
b10100000000001000001100101000 -
b1010111010000001101000010101101 .
1*
#1166
b1110001 B
b1110001 5
#1170
b110 +
b110 8
b1100100101101011110001111001001 (
b1100100101101011110001111001001 7
b10100001100010111110111001000011 %
b10100001100010111110111001000011 6
0*
#1175
b10111110111001000011000000000 '
b10111110111001000011000000000 ;
b10100000000001000001100101000 .
b101011101100001101010001010 -
b110 ,
b1100100101101011110001111001001 )
b10100001100010111110111001000011 &
b10100000000001000001100101000 "
b10100000000001000001100101000 ?
b101011101100001101010001010 >
b110 =
b1100100101101011110001111001001 <
b10100001100010111110111001000011 :
1*
#1176
b1110010 B
b1110010 5
#1180
b101 +
b101 8
b1100000111101101001110111000001 (
b1100000111101101001110111000001 7
b10010100101111100101100100101 %
b10010100101111100101100100101 6
0*
#1185
b1 ;
b1 '
b101 =
b1100000111101101001110111000001 <
b10010100101111100101100100101 :
b10111110111001000011000000000 >
b101011101100001101010001010 "
b101011101100001101010001010 ?
b101 ,
b1100000111101101001110111000001 )
b10010100101111100101100100101 &
b10111110111001000011000000000 -
b101011101100001101010001010 .
1*
#1186
b1110011 B
b1110011 5
#1190
b100 +
b100 8
b11110101100010011100000111 (
b11110101100010011100000111 7
b10101101011001111110001001011010 %
b10101101011001111110001001011010 6
0*
#1195
b10101110101100011100010101011101 '
b10101110101100011100010101011101 ;
b10111110111001000011000000000 .
b1 -
b100 ,
b11110101100010011100000111 )
b10101101011001111110001001011010 &
b10111110111001000011000000000 "
b10111110111001000011000000000 ?
b1 >
b100 =
b11110101100010011100000111 <
b10101101011001111110001001011010 :
1*
#1196
b1110100 B
b1110100 5
#1200
b11 +
b11 8
b10111000101011011110011001110001 (
b10111000101011011110011001110001 7
b110000010100101110100001100 %
b110000010100101110100001100 6
0*
#1205
b10111110101011111111111101111101 ;
b10111110101011111111111101111101 '
b11 =
b10111000101011011110011001110001 <
b110000010100101110100001100 :
b10101110101100011100010101011101 >
b1 "
b1 ?
b11 ,
b10111000101011011110011001110001 )
b110000010100101110100001100 &
b10101110101100011100010101011101 -
b1 .
1*
#1206
b1110101 B
b1110101 5
#1210
b110 +
b110 8
b11111011110111111100001011110111 (
b11111011110111111100001011110111 7
b1011011011000001110010110110110 %
b1011011011000001110010110110110 6
0*
#1215
b11011011000000000000000000000000 '
b11011011000000000000000000000000 ;
b10101110101100011100010101011101 .
b10111110101011111111111101111101 -
b110 ,
b11111011110111111100001011110111 )
b1011011011000001110010110110110 &
b10101110101100011100010101011101 "
b10101110101100011100010101011101 ?
b10111110101011111111111101111101 >
b110 =
b11111011110111111100001011110111 <
b1011011011000001110010110110110 :
1*
#1216
b1110110 B
b1110110 5
#1220
b0 +
b0 8
b101010101110001111011101010101 (
b101010101110001111011101010101 7
b10101110011110000101100001011100 %
b10101110011110000101100001011100 6
0*
#1225
b11011001001100010100111110110001 ;
b11011001001100010100111110110001 '
b0 =
b101010101110001111011101010101 <
b10101110011110000101100001011100 :
b11011011000000000000000000000000 >
b10111110101011111111111101111101 "
b10111110101011111111111101111101 ?
b0 ,
b101010101110001111011101010101 )
b10101110011110000101100001011100 &
b11011011000000000000000000000000 -
b10111110101011111111111101111101 .
1*
#1226
b1110111 B
b1110111 5
#1230
b100 +
b100 8
b111001011000000000100101110010 (
b111001011000000000100101110010 7
b11010000000010110001001010100000 %
b11010000000010110001001010100000 6
0*
#1235
b11101001011010110001101111010010 '
b11101001011010110001101111010010 ;
b11011011000000000000000000000000 .
b11011001001100010100111110110001 -
b100 ,
b111001011000000000100101110010 )
b11010000000010110001001010100000 &
b11011011000000000000000000000000 "
b11011011000000000000000000000000 ?
b11011001001100010100111110110001 >
b100 =
b111001011000000000100101110010 <
b11010000000010110001001010100000 :
1*
#1236
b1111000 B
b1111000 5
#1240
b11 +
b11 8
b10000110110111001111000000001101 (
b10000110110111001111000000001101 7
b1101110100010101111010111011101 %
b1101110100010101111010111011101 6
0*
#1245
b11101110110111101111010111011101 ;
b11101110110111101111010111011101 '
b11 =
b10000110110111001111000000001101 <
b1101110100010101111010111011101 :
b11101001011010110001101111010010 >
b11011001001100010100111110110001 "
b11011001001100010100111110110001 ?
b11 ,
b10000110110111001111000000001101 )
b1101110100010101111010111011101 &
b11101001011010110001101111010010 -
b11011001001100010100111110110001 .
1*
#1246
b1111001 B
b1111001 5
#1250
b101 +
b101 8
b11001111011000111101101010011110 (
b11001111011000111101101010011110 7
b10111100110011000100001001111001 %
b10111100110011000100001001111001 6
0*
#1255
b1 '
b1 ;
b11101001011010110001101111010010 .
b11101110110111101111010111011101 -
b101 ,
b11001111011000111101101010011110 )
b10111100110011000100001001111001 &
b11101001011010110001101111010010 "
b11101001011010110001101111010010 ?
b11101110110111101111010111011101 >
b101 =
b11001111011000111101101010011110 <
b10111100110011000100001001111001 :
1*
#1256
b1111010 B
b1111010 5
#1260
b11 +
b11 8
b1000111111000100111001110001111 (
b1000111111000100111001110001111 7
b10111101111000001101001001111011 %
b10111101111000001101001001111011 6
0*
#1265
b11111111111000101111001111111111 ;
b11111111111000101111001111111111 '
b11 =
b1000111111000100111001110001111 <
b10111101111000001101001001111011 :
b1 >
b11101110110111101111010111011101 "
b11101110110111101111010111011101 ?
b11 ,
b1000111111000100111001110001111 )
b10111101111000001101001001111011 &
b1 -
b11101110110111101111010111011101 .
1*
#1266
b1111011 B
b1111011 5
#1270
b1 +
b1 8
b1110100100100100001100011101 (
b1110100100100100001100011101 7
b1110001110000010010100111100011 %
b1110001110000010010100111100011 6
0*
#1275
b1100011001011101110011011000110 '
b1100011001011101110011011000110 ;
b1 .
b11111111111000101111001111111111 -
b1 ,
b1110100100100100001100011101 )
b1110001110000010010100111100011 &
b1 "
b1 ?
b11111111111000101111001111111111 >
b1 =
b1110100100100100001100011101 <
b1110001110000010010100111100011 :
1*
#1276
b1111100 B
b1111100 5
#1280
b0 +
b0 8
b11001010100111001011110010010101 (
b11001010100111001011110010010101 7
b100010000100011001111101000100 %
b100010000100011001111101000100 6
0*
#1285
b11101100101011100101101111011001 ;
b11101100101011100101101111011001 '
b0 =
b11001010100111001011110010010101 <
b100010000100011001111101000100 :
b1100011001011101110011011000110 >
b11111111111000101111001111111111 "
b11111111111000101111001111111111 ?
b0 ,
b11001010100111001011110010010101 )
b100010000100011001111101000100 &
b1100011001011101110011011000110 -
b11111111111000101111001111111111 .
1*
#1286
b1111101 B
b1111101 5
#1290
b101001011110100001010101010010 (
b101001011110100001010101010010 7
b11110110101000010111100011101101 %
b11110110101000010111100011101101 6
0*
#1295
b100000000110111000111000111111 '
b100000000110111000111000111111 ;
b1100011001011101110011011000110 .
b11101100101011100101101111011001 -
b101001011110100001010101010010 )
b11110110101000010111100011101101 &
b1100011001011101110011011000110 "
b1100011001011101110011011000110 ?
b11101100101011100101101111011001 >
b101001011110100001010101010010 <
b11110110101000010111100011101101 :
1*
#1296
b1111110 B
b1111110 5
#1300
b100 +
b100 8
b10101001010111111100010001010010 (
b10101001010111111100010001010010 7
b1000110110111001011011110001101 %
b1000110110111001011011110001101 6
0*
#1305
b11101111100000110111001111011111 ;
b11101111100000110111001111011111 '
b100 =
b10101001010111111100010001010010 <
b1000110110111001011011110001101 :
b100000000110111000111000111111 >
b11101100101011100101101111011001 "
b11101100101011100101101111011001 ?
b100 ,
b10101001010111111100010001010010 )
b1000110110111001011011110001101 &
b100000000110111000111000111111 -
b11101100101011100101101111011001 .
1*
#1306
b1111111 B
b1111111 5
#1310
b0 +
b0 8
b11000110001110101001001010001100 (
b11000110001110101001001010001100 7
b100011011010101111110101000110 %
b100011011010101111110101000110 6
0*
#1315
b11101001101001011000111111010010 '
b11101001101001011000111111010010 ;
b100000000110111000111000111111 .
b11101111100000110111001111011111 -
b0 ,
b11000110001110101001001010001100 )
b100011011010101111110101000110 &
b100000000110111000111000111111 "
b100000000110111000111000111111 ?
b11101111100000110111001111011111 >
b0 =
b11000110001110101001001010001100 <
b100011011010101111110101000110 :
1*
#1316
b10000000 B
b10000000 5
#1320
b100 +
b100 8
b110101001011010110000101101010 (
b110101001011010110000101101010 7
b1011111010101100000100010111 %
b1011111010101100000100010111 6
0*
#1325
b111110110001111010000001111101 ;
b111110110001111010000001111101 '
b100 =
b110101001011010110000101101010 <
b1011111010101100000100010111 :
b11101001101001011000111111010010 >
b11101111100000110111001111011111 "
b11101111100000110111001111011111 ?
b100 ,
b110101001011010110000101101010 )
b1011111010101100000100010111 &
b11101001101001011000111111010010 -
b11101111100000110111001111011111 .
1*
#1326
b10000001 B
b10000001 5
#1330
b0 +
b0 8
b111110011011110000111101111100 (
b111110011011110000111101111100 7
b11010101010110111011110010101010 %
b11010101010110111011110010101010 6
0*
#1335
b10011110010101100110000100110 '
b10011110010101100110000100110 ;
b11101001101001011000111111010010 .
b111110110001111010000001111101 -
b0 ,
b111110011011110000111101111100 )
b11010101010110111011110010101010 &
b11101001101001011000111111010010 "
b11101001101001011000111111010010 ?
b111110110001111010000001111101 >
b0 =
b111110011011110000111101111100 <
b11010101010110111011110010101010 :
1*
#1336
b10000010 B
b10000010 5
#1340
b110 +
b110 8
b11000101101000010110000010001011 (
b11000101101000010110000010001011 7
b1011101010010100100110110111010 %
b1011101010010100100110110111010 6
0*
#1345
b1010010011011011101000000000000 ;
b1010010011011011101000000000000 '
b110 =
b11000101101000010110000010001011 <
b1011101010010100100110110111010 :
b10011110010101100110000100110 >
b111110110001111010000001111101 "
b111110110001111010000001111101 ?
b110 ,
b11000101101000010110000010001011 )
b1011101010010100100110110111010 &
b10011110010101100110000100110 -
b111110110001111010000001111101 .
1*
#1346
b10000011 B
b10000011 5
#1350
b10 +
b10 8
b11001000001011000001100110010 (
b11001000001011000001100110010 7
b10010010100000110001111000100101 %
b10010010100000110001111000100101 6
0*
#1355
b10000000000010000001000100000 '
b10000000000010000001000100000 ;
b10011110010101100110000100110 .
b1010010011011011101000000000000 -
b10 ,
b11001000001011000001100110010 )
b10010010100000110001111000100101 &
b10011110010101100110000100110 "
b10011110010101100110000100110 ?
b1010010011011011101000000000000 >
b10 =
b11001000001011000001100110010 <
b10010010100000110001111000100101 :
1*
#1356
b10000100 B
b10000100 5
#1360
b101 +
b101 8
b10001010011001001011000000010100 (
b10001010011001001011000000010100 7
b10100100100011110111110001001001 %
b10100100100011110111110001001001 6
0*
#1365
b0 ;
b0 '
b101 =
b10001010011001001011000000010100 <
b10100100100011110111110001001001 :
b10000000000010000001000100000 >
b1010010011011011101000000000000 "
b1010010011011011101000000000000 ?
b101 ,
b10001010011001001011000000010100 )
b10100100100011110111110001001001 &
b10000000000010000001000100000 -
b1010010011011011101000000000000 .
1*
#1366
b10000101 B
b10000101 5
#1370
b111 +
b111 8
b10101110011010000011000001011100 (
b10101110011010000011000001011100 7
b100101111100100000001101001011 %
b100101111100100000001101001011 6
0*
#1375
b10 '
b10 ;
b10000000000010000001000100000 .
b0 -
b111 ,
b10101110011010000011000001011100 )
b100101111100100000001101001011 &
b10000000000010000001000100000 "
b10000000000010000001000100000 ?
b0 >
b111 =
b10101110011010000011000001011100 <
b100101111100100000001101001011 :
1*
#1376
b10000110 B
b10000110 5
#1380
b100 +
b100 8
b10011100101011110111101000111001 (
b10011100101011110111101000111001 7
b1000011001111101001011110000110 %
b1000011001111101001011110000110 6
0*
#1385
b11011111100100011110110110111111 ;
b11011111100100011110110110111111 '
b100 =
b10011100101011110111101000111001 <
b1000011001111101001011110000110 :
b10 >
b0 "
b0 ?
b100 ,
b10011100101011110111101000111001 )
b1000011001111101001011110000110 &
b10 -
b0 .
1*
#1386
b10000111 B
b10000111 5
#1390
b10010110001000100101000000101100 (
b10010110001000100101000000101100 7
b1101000010100011110010111010000 %
b1101000010100011110010111010000 6
0*
#1395
b11111110011100111011010111111100 '
b11111110011100111011010111111100 ;
b10 .
b11011111100100011110110110111111 -
b10010110001000100101000000101100 )
b1101000010100011110010111010000 &
b10 "
b10 ?
b11011111100100011110110110111111 >
b10010110001000100101000000101100 <
b1101000010100011110010111010000 :
1*
#1396
b10001000 B
b10001000 5
#1400
b1 +
b1 8
b10110101001000100100000001101010 (
b10110101001000100100000001101010 7
b11111010011011011100000111 %
b11111010011011011100000111 6
0*
#1405
b1001110110001110111011010011101 ;
b1001110110001110111011010011101 '
b1 =
b10110101001000100100000001101010 <
b11111010011011011100000111 :
b11111110011100111011010111111100 >
b11011111100100011110110110111111 "
b11011111100100011110110110111111 ?
b1 ,
b10110101001000100100000001101010 )
b11111010011011011100000111 &
b11111110011100111011010111111100 -
b11011111100100011110110110111111 .
1*
#1406
b10001001 B
b10001001 5
#1410
b11 +
b11 8
b10100101111001111001111001001011 (
b10100101111001111001111001001011 7
b1110100011010101111111111101000 %
b1110100011010101111111111101000 6
0*
#1415
b11110101111011111111111111101011 '
b11110101111011111111111111101011 ;
b11111110011100111011010111111100 .
b1001110110001110111011010011101 -
b11 ,
b10100101111001111001111001001011 )
b1110100011010101111111111101000 &
b11111110011100111011010111111100 "
b11111110011100111011010111111100 ?
b1001110110001110111011010011101 >
b11 =
b10100101111001111001111001001011 <
b1110100011010101111111111101000 :
1*
#1416
b10001010 B
b10001010 5
#1420
b100 +
b100 8
b10001111111100000010100100011 (
b10001111111100000010100100011 7
b1110110001010010101101111101100 %
b1110110001010010101101111101100 6
0*
#1425
b1100111110101110101111011001111 ;
b1100111110101110101111011001111 '
b100 =
b10001111111100000010100100011 <
b1110110001010010101101111101100 :
b11110101111011111111111111101011 >
b1001110110001110111011010011101 "
b1001110110001110111011010011101 ?
b100 ,
b10001111111100000010100100011 )
b1110110001010010101101111101100 &
b11110101111011111111111111101011 -
b1001110110001110111011010011101 .
1*
#1426
b10001011 B
b10001011 5
#1430
b111 +
b111 8
b10011100101001110000010000111001 (
b10011100101001110000010000111001 7
b1100100111000010110010111001001 %
b1100100111000010110010111001001 6
0*
#1435
b110010 '
b110010 ;
b11110101111011111111111111101011 .
b1100111110101110101111011001111 -
b111 ,
b10011100101001110000010000111001 )
b1100100111000010110010111001001 &
b11110101111011111111111111101011 "
b11110101111011111111111111101011 ?
b1100111110101110101111011001111 >
b111 =
b10011100101001110000010000111001 <
b1100100111000010110010111001001 :
1*
#1436
b10001100 B
b10001100 5
#1440
b101 +
b101 8
b110011100000110110010101100111 (
b110011100000110110010101100111 7
b11101010010110000001010011010100 %
b11101010010110000001010011010100 6
0*
#1445
b1 ;
b1 '
b101 =
b110011100000110110010101100111 <
b11101010010110000001010011010100 :
b110010 >
b1100111110101110101111011001111 "
b1100111110101110101111011001111 ?
b101 ,
b110011100000110110010101100111 )
b11101010010110000001010011010100 &
b110010 -
b1100111110101110101111011001111 .
1*
#1446
b10001101 B
b10001101 5
#1450
b1 +
b1 8
b1000001000100000011100110000010 (
b1000001000100000011100110000010 7
b1011000001100010010010110110000 %
b1011000001100010010010110110000 6
0*
#1455
b10111001000001110110000101110 '
b10111001000001110110000101110 ;
b110010 .
b1 -
b1 ,
b1000001000100000011100110000010 )
b1011000001100010010010110110000 &
b110010 "
b110010 ?
b1 >
b1 =
b1000001000100000011100110000010 <
b1011000001100010010010110110000 :
1*
#1456
b10001110 B
b10001110 5
#1460
b100 +
b100 8
b10000000000001011011100100000 (
b10000000000001011011100100000 7
b11101100101110010001101011011001 %
b11101100101110010001101011011001 6
0*
#1465
b11111100101110011010110111111001 ;
b11111100101110011010110111111001 '
b100 =
b10000000000001011011100100000 <
b11101100101110010001101011011001 :
b10111001000001110110000101110 >
b1 "
b1 ?
b100 ,
b10000000000001011011100100000 )
b11101100101110010001101011011001 &
b10111001000001110110000101110 -
b1 .
1*
#1466
b10001111 B
b10001111 5
#1470
b10 +
b10 8
b1110001101101000110000111100011 (
b1110001101101000110000111100011 7
b1001001101100010110111110010011 %
b1001001101100010110111110010011 6
0*
#1475
b1000001101100000110000110000011 '
b1000001101100000110000110000011 ;
b10111001000001110110000101110 .
b11111100101110011010110111111001 -
b10 ,
b1110001101101000110000111100011 )
b1001001101100010110111110010011 &
b10111001000001110110000101110 "
b10111001000001110110000101110 ?
b11111100101110011010110111111001 >
b10 =
b1110001101101000110000111100011 <
b1001001101100010110111110010011 :
1*
#1476
b10010000 B
b10010000 5
#1480
b10101110110101110010111001011101 (
b10101110110101110010111001011101 7
b11100100011100011111100011001000 %
b11100100011100011111100011001000 6
0*
#1485
b10100100010100010010100001001000 ;
b10100100010100010010100001001000 '
b10101110110101110010111001011101 <
b11100100011100011111100011001000 :
b1000001101100000110000110000011 >
b11111100101110011010110111111001 "
b11111100101110011010110111111001 ?
b10101110110101110010111001011101 )
b11100100011100011111100011001000 &
b1000001101100000110000110000011 -
b11111100101110011010110111111001 .
1*
#1486
b10010001 B
b10010001 5
#1490
b1 +
b1 8
b10010101101010011010100000101011 (
b10010101101010011010100000101011 7
b1000010001001101010100110000100 %
b1000010001001101010100110000100 6
0*
#1495
b10101100011111010000000101011001 '
b10101100011111010000000101011001 ;
b1000001101100000110000110000011 .
b10100100010100010010100001001000 -
b1 ,
b10010101101010011010100000101011 )
b1000010001001101010100110000100 &
b1000001101100000110000110000011 "
b1000001101100000110000110000011 ?
b10100100010100010010100001001000 >
b1 =
b10010101101010011010100000101011 <
b1000010001001101010100110000100 :
1*
#1496
b10010010 B
b10010010 5
#1500
b10101001011111110000000001010010 (
b10101001011111110000000001010010 7
b10001001011111110001110000010010 %
b10001001011111110001110000010010 6
0*
#1505
b11100000000000000001101111000000 ;
b11100000000000000001101111000000 '
b10101001011111110000000001010010 <
b10001001011111110001110000010010 :
b10101100011111010000000101011001 >
b10100100010100010010100001001000 "
b10100100010100010010100001001000 ?
b10101001011111110000000001010010 )
b10001001011111110001110000010010 &
b10101100011111010000000101011001 -
b10100100010100010010100001001000 .
1*
#1506
b10010011 B
b10010011 5
#1510
b111 +
b111 8
b10110111010110011110101001101110 (
b10110111010110011110101001101110 7
b11101000001010111001011011010000 %
b11101000001010111001011011010000 6
0*
#1515
b111010000010101110 '
b111010000010101110 ;
b10101100011111010000000101011001 .
b11100000000000000001101111000000 -
b111 ,
b10110111010110011110101001101110 )
b11101000001010111001011011010000 &
b10101100011111010000000101011001 "
b10101100011111010000000101011001 ?
b11100000000000000001101111000000 >
b111 =
b10110111010110011110101001101110 <
b11101000001010111001011011010000 :
1*
#1516
b10010100 B
b10010100 5
#1520
b11 +
b11 8
b1010011010100100111011110100110 (
b1010011010100100111011110100110 7
b1101101100010111000011111011011 %
b1101101100010111000011111011011 6
0*
#1525
b1111111110110111111011111111111 ;
b1111111110110111111011111111111 '
b11 =
b1010011010100100111011110100110 <
b1101101100010111000011111011011 :
b111010000010101110 >
b11100000000000000001101111000000 "
b11100000000000000001101111000000 ?
b11 ,
b1010011010100100111011110100110 )
b1101101100010111000011111011011 &
b111010000010101110 -
b11100000000000000001101111000000 .
1*
#1526
b10010101 B
b10010101 5
#1530
b1 +
b1 8
b10000111111001000100110000001111 (
b10000111111001000100110000001111 7
b10000000011110010111110000000000 %
b10000000011110010111110000000000 6
0*
#1535
b11111000100101010010111111110001 '
b11111000100101010010111111110001 ;
b111010000010101110 .
b1111111110110111111011111111111 -
b1 ,
b10000111111001000100110000001111 )
b10000000011110010111110000000000 &
b111010000010101110 "
b111010000010101110 ?
b1111111110110111111011111111111 >
b1 =
b10000111111001000100110000001111 <
b10000000011110010111110000000000 :
1*
#1536
b10010110 B
b10010110 5
#1540
b101 +
b101 8
b101100101010000001100101011001 (
b101100101010000001100101011001 7
b10000110010100110110001000001100 %
b10000110010100110110001000001100 6
0*
#1545
b1 ;
b1 '
b101 =
b101100101010000001100101011001 <
b10000110010100110110001000001100 :
b11111000100101010010111111110001 >
b1111111110110111111011111111111 "
b1111111110110111111011111111111 ?
b101 ,
b101100101010000001100101011001 )
b10000110010100110110001000001100 &
b11111000100101010010111111110001 -
b1111111110110111111011111111111 .
1*
#1546
b10010111 B
b10010111 5
#1550
b1 +
b1 8
b1001000001110011110010110010000 (
b1001000001110011110010110010000 7
b1100111110101110011010111001111 %
b1100111110101110011010111001111 6
0*
#1555
b11111100111010101000000111111 '
b11111100111010101000000111111 ;
b11111000100101010010111111110001 .
b1 -
b1 ,
b1001000001110011110010110010000 )
b1100111110101110011010111001111 &
b11111000100101010010111111110001 "
b11111000100101010010111111110001 ?
b1 >
b1 =
b1001000001110011110010110010000 <
b1100111110101110011010111001111 :
1*
#1556
b10011000 B
b10011000 5
#1560
b10 +
b10 8
b111011100000111100110101110111 (
b111011100000111100110101110111 7
b10110100111110011010010001101001 %
b10110100111110011010010001101001 6
0*
#1565
b110000100000011000010001100001 ;
b110000100000011000010001100001 '
b10 =
b111011100000111100110101110111 <
b10110100111110011010010001101001 :
b11111100111010101000000111111 >
b1 "
b1 ?
b10 ,
b111011100000111100110101110111 )
b10110100111110011010010001101001 &
b11111100111010101000000111111 -
b1 .
1*
#1566
b10011001 B
b10011001 5
#1570
b100 +
b100 8
b1001101110111010100110110011011 (
b1001101110111010100110110011011 7
b11101100001101110101100011011000 %
b11101100001101110101100011011000 6
0*
#1575
b10100001111010100001010101000011 '
b10100001111010100001010101000011 ;
b11111100111010101000000111111 .
b110000100000011000010001100001 -
b100 ,
b1001101110111010100110110011011 )
b11101100001101110101100011011000 &
b11111100111010101000000111111 "
b11111100111010101000000111111 ?
b110000100000011000010001100001 >
b100 =
b1001101110111010100110110011011 <
b11101100001101110101100011011000 :
1*
#1576
b10011010 B
b10011010 5
#1580
b110 +
b110 8
b11011011111001101111001010110111 (
b11011011111001101111001010110111 7
b1011100011110001011000110111000 %
b1011100011110001011000110111000 6
0*
#1585
b11011100000000000000000000000000 ;
b11011100000000000000000000000000 '
b110 =
b11011011111001101111001010110111 <
b1011100011110001011000110111000 :
b10100001111010100001010101000011 >
b110000100000011000010001100001 "
b110000100000011000010001100001 ?
b110 ,
b11011011111001101111001010110111 )
b1011100011110001011000110111000 &
b10100001111010100001010101000011 -
b110000100000011000010001100001 .
1*
#1586
b10011011 B
b10011011 5
#1590
b101 +
b101 8
b111011111011010101001101110111 (
b111011111011010101001101110111 7
b10011000010011010101101000110000 %
b10011000010011010101101000110000 6
0*
#1595
b1 '
b1 ;
b10100001111010100001010101000011 .
b11011100000000000000000000000000 -
b101 ,
b111011111011010101001101110111 )
b10011000010011010101101000110000 &
b10100001111010100001010101000011 "
b10100001111010100001010101000011 ?
b11011100000000000000000000000000 >
b101 =
b111011111011010101001101110111 <
b10011000010011010101101000110000 :
1*
#1596
b10011100 B
b10011100 5
#1600
b110 +
b110 8
b11100001111000011100000111 (
b11100001111000011100000111 7
b1101010000101011111010111010100 %
b1101010000101011111010111010100 6
0*
#1605
b1010111110101110101000000000 ;
b1010111110101110101000000000 '
b110 =
b11100001111000011100000111 <
b1101010000101011111010111010100 :
b1 >
b11011100000000000000000000000000 "
b11011100000000000000000000000000 ?
b110 ,
b11100001111000011100000111 )
b1101010000101011111010111010100 &
b1 -
b11011100000000000000000000000000 .
1*
#1606
b10011101 B
b10011101 5
#1610
b1 +
b1 8
b1000101111000101000101110001011 (
b1000101111000101000101110001011 7
b1110100101000011010110111101001 %
b1110100101000011010110111101001 6
0*
#1615
b101110101111110010001001011110 '
b101110101111110010001001011110 ;
b1 .
b1010111110101110101000000000 -
b1 ,
b1000101111000101000101110001011 )
b1110100101000011010110111101001 &
b1 "
b1 ?
b1010111110101110101000000000 >
b1 =
b1000101111000101000101110001011 <
b1110100101000011010110111101001 :
1*
#1616
b10011110 B
b10011110 5
#1620
b10 +
b10 8
b11000000011101100100001010000000 (
b11000000011101100100001010000000 7
b1101101100000001000101111011011 %
b1101101100000001000101111011011 6
0*
#1625
b1000000000000000000001010000000 ;
b1000000000000000000001010000000 '
b10 =
b11000000011101100100001010000000 <
b1101101100000001000101111011011 :
b101110101111110010001001011110 >
b1010111110101110101000000000 "
b1010111110101110101000000000 ?
b10 ,
b11000000011101100100001010000000 )
b1101101100000001000101111011011 &
b101110101111110010001001011110 -
b1010111110101110101000000000 .
1*
#1626
b10011111 B
b10011111 5
#1630
b111 +
b111 8
b10011000001001111111101000110000 (
b10011000001001111111101000110000 7
b11100010111011001101101011000101 %
b11100010111011001101101011000101 6
0*
#1635
b1110001011101100 '
b1110001011101100 ;
b101110101111110010001001011110 .
b1000000000000000000001010000000 -
b111 ,
b10011000001001111111101000110000 )
b11100010111011001101101011000101 &
b101110101111110010001001011110 "
b101110101111110010001001011110 ?
b1000000000000000000001010000000 >
b111 =
b10011000001001111111101000110000 <
b11100010111011001101101011000101 :
1*
#1636
b10100000 B
b10100000 5
#1640
b1 +
b1 8
b1010111111110111011100110101111 (
b1010111111110111011100110101111 7
b10110011000000101101101001100110 %
b10110011000000101101101001100110 6
0*
#1645
b1011011000001110010000010110111 ;
b1011011000001110010000010110111 '
b1 =
b1010111111110111011100110101111 <
b10110011000000101101101001100110 :
b1110001011101100 >
b1000000000000000000001010000000 "
b1000000000000000000001010000000 ?
b1 ,
b1010111111110111011100110101111 )
b10110011000000101101101001100110 &
b1110001011101100 -
b1000000000000000000001010000000 .
1*
#1646
b10100001 B
b10100001 5
#1650
b111 +
b111 8
b10000011011101101010110000000110 (
b10000011011101101010110000000110 7
b1111100010000011010111111111000 %
b1111100010000011010111111111000 6
0*
#1655
b1111100010000011010111111 '
b1111100010000011010111111 ;
b1110001011101100 .
b1011011000001110010000010110111 -
b111 ,
b10000011011101101010110000000110 )
b1111100010000011010111111111000 &
b1110001011101100 "
b1110001011101100 ?
b1011011000001110010000010110111 >
b111 =
b10000011011101101010110000000110 <
b1111100010000011010111111111000 :
1*
#1656
b10100010 B
b10100010 5
#1660
b110 +
b110 8
b11001010101101000111110010010101 (
b11001010101101000111110010010101 7
b1110000111011110011011111100001 %
b1110000111011110011011111100001 6
0*
#1665
b11111100001000000000000000000000 ;
b11111100001000000000000000000000 '
b110 =
b11001010101101000111110010010101 <
b1110000111011110011011111100001 :
b1111100010000011010111111 >
b1011011000001110010000010110111 "
b1011011000001110010000010110111 ?
b110 ,
b11001010101101000111110010010101 )
b1110000111011110011011111100001 &
b1111100010000011010111111 -
b1011011000001110010000010110111 .
1*
#1666
b10100011 B
b10100011 5
#1670
b0 +
b0 8
b11110010100111000101111011100101 (
b11110010100111000101111011100101 7
b110000010011100100110101100000 %
b110000010011100100110101100000 6
0*
#1675
b100010111010101010110001000101 '
b100010111010101010110001000101 ;
b1111100010000011010111111 .
b11111100001000000000000000000000 -
b0 ,
b11110010100111000101111011100101 )
b110000010011100100110101100000 &
b1111100010000011010111111 "
b1111100010000011010111111 ?
b11111100001000000000000000000000 >
b0 =
b11110010100111000101111011100101 <
b110000010011100100110101100000 :
1*
#1676
b10100100 B
b10100100 5
#1680
b1 +
b1 8
b10100101101000011011100101001 (
b10100101101000011011100101001 7
b110010001011110111110101100100 %
b110010001011110111110101100100 6
0*
#1685
b11101011110110100011000111011 ;
b11101011110110100011000111011 '
b1 =
b10100101101000011011100101001 <
b110010001011110111110101100100 :
b100010111010101010110001000101 >
b11111100001000000000000000000000 "
b11111100001000000000000000000000 ?
b1 ,
b10100101101000011011100101001 )
b110010001011110111110101100100 &
b100010111010101010110001000101 -
b11111100001000000000000000000000 .
1*
#1686
b10100101 B
b10100101 5
#1690
b110111000101010001010101101110 (
b110111000101010001010101101110 7
b10111011101111000101001001110111 %
b10111011101111000101001001110111 6
0*
#1695
b10000100101001110011110100001001 '
b10000100101001110011110100001001 ;
b100010111010101010110001000101 .
b11101011110110100011000111011 -
b110111000101010001010101101110 )
b10111011101111000101001001110111 &
b100010111010101010110001000101 "
b100010111010101010110001000101 ?
b11101011110110100011000111011 >
b110111000101010001010101101110 <
b10111011101111000101001001110111 :
1*
#1696
b10100110 B
b10100110 5
#1700
b0 +
b0 8
b110100001101111101010101101000 (
b110100001101111101010101101000 7
b1101010100111111011100111010101 %
b1101010100111111011100111010101 6
0*
#1705
b10011110110101111000111100111101 ;
b10011110110101111000111100111101 '
b0 =
b110100001101111101010101101000 <
b1101010100111111011100111010101 :
b10000100101001110011110100001001 >
b11101011110110100011000111011 "
b11101011110110100011000111011 ?
b0 ,
b110100001101111101010101101000 )
b1101010100111111011100111010101 &
b10000100101001110011110100001001 -
b11101011110110100011000111011 .
1*
#1706
b10100111 B
b10100111 5
#1710
b1 +
b1 8
b111100111111100001100001111 (
b111100111111100001100001111 7
b11010101011110000000000010101010 %
b11010101011110000000000010101010 6
0*
#1715
b11001101110110000011110110011011 '
b11001101110110000011110110011011 ;
b10000100101001110011110100001001 .
b10011110110101111000111100111101 -
b1 ,
b111100111111100001100001111 )
b11010101011110000000000010101010 &
b10000100101001110011110100001001 "
b10000100101001110011110100001001 ?
b10011110110101111000111100111101 >
b1 =
b111100111111100001100001111 <
b11010101011110000000000010101010 :
1*
#1716
b10101000 B
b10101000 5
#1720
b10 +
b10 8
b1000111001011101001010110001110 (
b1000111001011101001010110001110 7
b10111110100110111011110001111101 %
b10111110100110111011110001111101 6
0*
#1725
b110000010101001010000001100 ;
b110000010101001010000001100 '
b10 =
b1000111001011101001010110001110 <
b10111110100110111011110001111101 :
b11001101110110000011110110011011 >
b10011110110101111000111100111101 "
b10011110110101111000111100111101 ?
b10 ,
b1000111001011101001010110001110 )
b10111110100110111011110001111101 &
b11001101110110000011110110011011 -
b10011110110101111000111100111101 .
1*
#1726
b10101001 B
b10101001 5
#1730
b111 +
b111 8
b11010100101101011110011010101001 (
b11010100101101011110011010101001 7
b11110011001100100110100111100 %
b11110011001100100110100111100 6
0*
#1735
b11110011001100100110 '
b11110011001100100110 ;
b11001101110110000011110110011011 .
b110000010101001010000001100 -
b111 ,
b11010100101101011110011010101001 )
b11110011001100100110100111100 &
b11001101110110000011110110011011 "
b11001101110110000011110110011011 ?
b110000010101001010000001100 >
b111 =
b11010100101101011110011010101001 <
b11110011001100100110100111100 :
1*
#1736
b10101010 B
b10101010 5
#1740
b10 +
b10 8
b11010111101000100011110010101111 (
b11010111101000100011110010101111 7
b10101101111001111101000001011011 %
b10101101111001111101000001011011 6
0*
#1745
b10000101101000100001000000001011 ;
b10000101101000100001000000001011 '
b10 =
b11010111101000100011110010101111 <
b10101101111001111101000001011011 :
b11110011001100100110 >
b110000010101001010000001100 "
b110000010101001010000001100 ?
b10 ,
b11010111101000100011110010101111 )
b10101101111001111101000001011011 &
b11110011001100100110 -
b110000010101001010000001100 .
1*
#1746
b10101011 B
b10101011 5
#1750
b11 +
b11 8
b1001100011100010110100010011 (
b1001100011100010110100010011 7
b1011100110100100000110110111001 %
b1011100110100100000110110111001 6
0*
#1755
b1011101110111100010110110111011 '
b1011101110111100010110110111011 ;
b11110011001100100110 .
b10000101101000100001000000001011 -
b11 ,
b1001100011100010110100010011 )
b1011100110100100000110110111001 &
b11110011001100100110 "
b11110011001100100110 ?
b10000101101000100001000000001011 >
b11 =
b1001100011100010110100010011 <
b1011100110100100000110110111001 :
1*
#1756
b10101100 B
b10101100 5
#1760
b111 +
b111 8
b101000110001100010011101010001 (
b101000110001100010011101010001 7
b110010110111000100000101100101 %
b110010110111000100000101100101 6
0*
#1765
b1100101101110 ;
b1100101101110 '
b111 =
b101000110001100010011101010001 <
b110010110111000100000101100101 :
b1011101110111100010110110111011 >
b10000101101000100001000000001011 "
b10000101101000100001000000001011 ?
b111 ,
b101000110001100010011101010001 )
b110010110111000100000101100101 &
b1011101110111100010110110111011 -
b10000101101000100001000000001011 .
1*
#1766
b10101101 B
b10101101 5
#1770
b1 +
b1 8
b10011101000100100000100000111010 (
b10011101000100100000100000111010 7
b11001100100110000001000010011001 %
b11001100100110000001000010011001 6
0*
#1775
b101111100001100000100001011111 '
b101111100001100000100001011111 ;
b1011101110111100010110110111011 .
b1100101101110 -
b1 ,
b10011101000100100000100000111010 )
b11001100100110000001000010011001 &
b1011101110111100010110110111011 "
b1011101110111100010110110111011 ?
b1100101101110 >
b1 =
b10011101000100100000100000111010 <
b11001100100110000001000010011001 :
1*
#1776
b10101110 B
b10101110 5
#1780
b10 +
b10 8
b11110010001101010110101011100100 (
b11110010001101010110101011100100 7
b110001011111000000011101100010 %
b110001011111000000011101100010 6
0*
#1785
b110000001101000000001001100000 ;
b110000001101000000001001100000 '
b10 =
b11110010001101010110101011100100 <
b110001011111000000011101100010 :
b101111100001100000100001011111 >
b1100101101110 "
b1100101101110 ?
b10 ,
b11110010001101010110101011100100 )
b110001011111000000011101100010 &
b101111100001100000100001011111 -
b1100101101110 .
1*
#1786
b10101111 B
b10101111 5
#1790
b101 +
b101 8
b101100111011100101111101011001 (
b101100111011100101111101011001 7
b10111110110110100100010001111101 %
b10111110110110100100010001111101 6
0*
#1795
b1 '
b1 ;
b101111100001100000100001011111 .
b110000001101000000001001100000 -
b101 ,
b101100111011100101111101011001 )
b10111110110110100100010001111101 &
b101111100001100000100001011111 "
b101111100001100000100001011111 ?
b110000001101000000001001100000 >
b101 =
b101100111011100101111101011001 <
b10111110110110100100010001111101 :
1*
#1796
b10110000 B
b10110000 5
#1800
b1 +
b1 8
b11100100101010000000000011001001 (
b11100100101010000000000011001001 7
b1110110110111100110101111101101 %
b1110110110111100110101111101101 6
0*
#1805
b10010010001101100110101100100100 ;
b10010010001101100110101100100100 '
b1 =
b11100100101010000000000011001001 <
b1110110110111100110101111101101 :
b1 >
b110000001101000000001001100000 "
b110000001101000000001001100000 ?
b1 ,
b11100100101010000000000011001001 )
b1110110110111100110101111101101 &
b1 -
b110000001101000000001001100000 .
1*
#1806
b10110001 B
b10110001 5
#1810
b101 +
b101 8
b11101101101001110001110011011011 (
b11101101101001110001110011011011 7
b1010111110000011101000110101111 %
b1010111110000011101000110101111 6
0*
#1815
b0 '
b0 ;
b1 .
b10010010001101100110101100100100 -
b101 ,
b11101101101001110001110011011011 )
b1010111110000011101000110101111 &
b1 "
b1 ?
b10010010001101100110101100100100 >
b101 =
b11101101101001110001110011011011 <
b1010111110000011101000110101111 :
1*
#1816
b10110010 B
b10110010 5
#1820
b10 +
b10 8
b10000011001001101101010000000110 (
b10000011001001101101010000000110 7
b111000000100111001111101110000 %
b111000000100111001111101110000 6
0*
#1825
b101001010000000000 ;
b101001010000000000 '
b10 =
b10000011001001101101010000000110 <
b111000000100111001111101110000 :
b0 >
b10010010001101100110101100100100 "
b10010010001101100110101100100100 ?
b10 ,
b10000011001001101101010000000110 )
b111000000100111001111101110000 &
b0 -
b10010010001101100110101100100100 .
1*
#1826
b10110011 B
b10110011 5
#1830
b100 +
b100 8
b10110101010101011101111001101010 (
b10110101010101011101111001101010 7
b1011110100110000011110110111101 %
b1011110100110000011110110111101 6
0*
#1835
b11101011110011011110001111010111 '
b11101011110011011110001111010111 ;
b0 .
b101001010000000000 -
b100 ,
b10110101010101011101111001101010 )
b1011110100110000011110110111101 &
b0 "
b0 ?
b101001010000000000 >
b100 =
b10110101010101011101111001101010 <
b1011110100110000011110110111101 :
1*
#1836
b10110100 B
b10110100 5
#1840
b101 +
b101 8
b10111101100001101111010001111011 (
b10111101100001101111010001111011 7
b10101000011011000101111001010000 %
b10101000011011000101111001010000 6
0*
#1845
b1 ;
b1 '
b101 =
b10111101100001101111010001111011 <
b10101000011011000101111001010000 :
b11101011110011011110001111010111 >
b101001010000000000 "
b101001010000000000 ?
b101 ,
b10111101100001101111010001111011 )
b10101000011011000101111001010000 &
b11101011110011011110001111010111 -
b101001010000000000 .
1*
#1846
b10110101 B
b10110101 5
#1850
b100 +
b100 8
b1111011011110111000100111110110 (
b1111011011110111000100111110110 7
b10111100001111111000010001111000 %
b10111100001111111000010001111000 6
0*
#1855
b11000111010001000000110110001110 '
b11000111010001000000110110001110 ;
b11101011110011011110001111010111 .
b1 -
b100 ,
b1111011011110111000100111110110 )
b10111100001111111000010001111000 &
b11101011110011011110001111010111 "
b11101011110011011110001111010111 ?
b1 >
b100 =
b1111011011110111000100111110110 <
b10111100001111111000010001111000 :
1*
#1856
b10110110 B
b10110110 5
#1860
b0 +
b0 8
b111100101100111010101101111001 (
b111100101100111010101101111001 7
b10001110011001001101100100011 %
b10001110011001001101100100011 6
0*
#1865
b1001110100000000100011010011100 ;
b1001110100000000100011010011100 '
b0 =
b111100101100111010101101111001 <
b10001110011001001101100100011 :
b11000111010001000000110110001110 >
b1 "
b1 ?
b0 ,
b111100101100111010101101111001 )
b10001110011001001101100100011 &
b11000111010001000000110110001110 -
b1 .
1*
#1866
b10110111 B
b10110111 5
#1870
b11 +
b11 8
b10000111000011001110111000001110 (
b10000111000011001110111000001110 7
b11011101110100010100011010111011 %
b11011101110100010100011010111011 6
0*
#1875
b11011111110111011110111010111111 '
b11011111110111011110111010111111 ;
b11000111010001000000110110001110 .
b1001110100000000100011010011100 -
b11 ,
b10000111000011001110111000001110 )
b11011101110100010100011010111011 &
b11000111010001000000110110001110 "
b11000111010001000000110110001110 ?
b1001110100000000100011010011100 >
b11 =
b10000111000011001110111000001110 <
b11011101110100010100011010111011 :
1*
#1876
b10111000 B
b10111000 5
#1880
b100 +
b100 8
b11100111000011111001100011001110 (
b11100111000011111001100011001110 7
b110011100010000001100001100 %
b110011100010000001100001100 6
0*
#1885
b11100001011111101001101111000010 ;
b11100001011111101001101111000010 '
b100 =
b11100111000011111001100011001110 <
b110011100010000001100001100 :
b11011111110111011110111010111111 >
b1001110100000000100011010011100 "
b1001110100000000100011010011100 ?
b100 ,
b11100111000011111001100011001110 )
b110011100010000001100001100 &
b11011111110111011110111010111111 -
b1001110100000000100011010011100 .
1*
#1886
b10111001 B
b10111001 5
#1890
b11 +
b11 8
b1011100101000100110111110111001 (
b1011100101000100110111110111001 7
b10101100111011001101110001011001 %
b10101100111011001101110001011001 6
0*
#1895
b11111100111011101111111111111001 '
b11111100111011101111111111111001 ;
b11011111110111011110111010111111 .
b11100001011111101001101111000010 -
b11 ,
b1011100101000100110111110111001 )
b10101100111011001101110001011001 &
b11011111110111011110111010111111 "
b11011111110111011110111010111111 ?
b11100001011111101001101111000010 >
b11 =
b1011100101000100110111110111001 <
b10101100111011001101110001011001 :
1*
#1896
b10111010 B
b10111010 5
#1900
b100 +
b100 8
b10111010111101001110001001110101 (
b10111010111101001110001001110101 7
b1111010010011111011111111110100 %
b1111010010011111011111111110100 6
0*
#1905
b11000000101110110101110110000001 ;
b11000000101110110101110110000001 '
b100 =
b10111010111101001110001001110101 <
b1111010010011111011111111110100 :
b11111100111011101111111111111001 >
b11100001011111101001101111000010 "
b11100001011111101001101111000010 ?
b100 ,
b10111010111101001110001001110101 )
b1111010010011111011111111110100 &
b11111100111011101111111111111001 -
b11100001011111101001101111000010 .
1*
#1906
b10111011 B
b10111011 5
#1910
b101 +
b101 8
b1011100101001001100000010 (
b1011100101001001100000010 7
b10011100111111000111101000111001 %
b10011100111111000111101000111001 6
0*
#1915
b1 '
b1 ;
b11111100111011101111111111111001 .
b11000000101110110101110110000001 -
b101 ,
b1011100101001001100000010 )
b10011100111111000111101000111001 &
b11111100111011101111111111111001 "
b11111100111011101111111111111001 ?
b11000000101110110101110110000001 >
b101 =
b1011100101001001100000010 <
b10011100111111000111101000111001 :
1*
#1916
b10111100 B
b10111100 5
#1920
b10 +
b10 8
b100111000111000100001101001110 (
b100111000111000100001101001110 7
b10111110111111100100000101 %
b10111110111111100100000101 6
0*
#1925
b10000110000100000100000100 ;
b10000110000100000100000100 '
b10 =
b100111000111000100001101001110 <
b10111110111111100100000101 :
b1 >
b11000000101110110101110110000001 "
b11000000101110110101110110000001 ?
b10 ,
b100111000111000100001101001110 )
b10111110111111100100000101 &
b1 -
b11000000101110110101110110000001 .
1*
#1926
b10111101 B
b10111101 5
#1930
b101 +
b101 8
b10000100011111111011001000001000 (
b10000100011111111011001000001000 7
b1011100011110010101000110111000 %
b1011100011110010101000110111000 6
0*
#1935
b0 '
b0 ;
b1 .
b10000110000100000100000100 -
b101 ,
b10000100011111111011001000001000 )
b1011100011110010101000110111000 &
b1 "
b1 ?
b10000110000100000100000100 >
b101 =
b10000100011111111011001000001000 <
b1011100011110010101000110111000 :
1*
#1936
b10111110 B
b10111110 5
#1940
b0 +
b0 8
b1110100011100110011000111101000 (
b1110100011100110011000111101000 7
b11010111101101001000111010101111 %
b11010111101101001000111010101111 6
0*
#1945
b1001100001001111100000010010111 ;
b1001100001001111100000010010111 '
b0 =
b1110100011100110011000111101000 <
b11010111101101001000111010101111 :
b0 >
b10000110000100000100000100 "
b10000110000100000100000100 ?
b0 ,
b1110100011100110011000111101000 )
b11010111101101001000111010101111 &
b0 -
b10000110000100000100000100 .
1*
#1946
b10111111 B
b10111111 5
#1950
b11 +
b11 8
b10100110001000001001000001001100 (
b10100110001000001001000001001100 7
b1111010111101101010101111110101 %
b1111010111101101010101111110101 6
0*
#1955
b11111110111101101011101111111101 '
b11111110111101101011101111111101 ;
b0 .
b1001100001001111100000010010111 -
b11 ,
b10100110001000001001000001001100 )
b1111010111101101010101111110101 &
b0 "
b0 ?
b1001100001001111100000010010111 >
b11 =
b10100110001000001001000001001100 <
b1111010111101101010101111110101 :
1*
#1956
b11000000 B
b11000000 5
#1960
b101 +
b101 8
b10010101010010000001100100101 (
b10010101010010000001100100101 7
b10100000000001011010011001000000 %
b10100000000001011010011001000000 6
0*
#1965
b1 ;
b1 '
b101 =
b10010101010010000001100100101 <
b10100000000001011010011001000000 :
b11111110111101101011101111111101 >
b1001100001001111100000010010111 "
b1001100001001111100000010010111 ?
b101 ,
b10010101010010000001100100101 )
b10100000000001011010011001000000 &
b11111110111101101011101111111101 -
b1001100001001111100000010010111 .
1*
#1966
b11000001 B
b11000001 5
#1970
b1 +
b1 8
b10110110010111111100100101101 (
b10110110010111111100100101101 7
b10111000011111000001000001110000 %
b10111000011111000001000001110000 6
0*
#1975
b10100001101100000001011101000011 '
b10100001101100000001011101000011 ;
b11111110111101101011101111111101 .
b1 -
b1 ,
b10110110010111111100100101101 )
b10111000011111000001000001110000 &
b11111110111101101011101111111101 "
b11111110111101101011101111111101 ?
b1 >
b1 =
b10110110010111111100100101101 <
b10111000011111000001000001110000 :
1*
#1976
b11000010 B
b11000010 5
#1980
b0 +
b0 8
b10011000011110110000100000110000 (
b10011000011110110000100000110000 7
b1011110001001010101000110111100 %
b1011110001001010101000110111100 6
0*
#1985
b11110110101000000101100111101100 ;
b11110110101000000101100111101100 '
b0 =
b10011000011110110000100000110000 <
b1011110001001010101000110111100 :
b10100001101100000001011101000011 >
b1 "
b1 ?
b0 ,
b10011000011110110000100000110000 )
b1011110001001010101000110111100 &
b10100001101100000001011101000011 -
b1 .
1*
#1986
b11000011 B
b11000011 5
#1990
b101 +
b101 8
b11010000110011110110101010100001 (
b11010000110011110110101010100001 7
b101000011101100110100101010000 %
b101000011101100110100101010000 6
0*
#1995
b0 '
b0 ;
b10100001101100000001011101000011 .
b11110110101000000101100111101100 -
b101 ,
b11010000110011110110101010100001 )
b101000011101100110100101010000 &
b10100001101100000001011101000011 "
b10100001101100000001011101000011 ?
b11110110101000000101100111101100 >
b101 =
b11010000110011110110101010100001 <
b101000011101100110100101010000 :
1*
#1996
b11000100 B
b11000100 5
#2000
b1111010100001111010111111110101 (
b1111010100001111010111111110101 7
b11111010111100110010111011110101 %
b11111010111100110010111011110101 6
0*
#2005
b1 ;
b1 '
b1111010100001111010111111110101 <
b11111010111100110010111011110101 :
b0 >
b11110110101000000101100111101100 "
b11110110101000000101100111101100 ?
b1111010100001111010111111110101 )
b11111010111100110010111011110101 &
b0 -
b11110110101000000101100111101100 .
1*
#2006
b11000101 B
b11000101 5
#2010
b100 +
b100 8
b10110101010110001010011001101010 (
b10110101010110001010011001101010 7
b11001010010010000001001010010100 %
b11001010010010000001001010010100 6
0*
#2015
b1111111000100001011010011111110 '
b1111111000100001011010011111110 ;
b0 .
b1 -
b100 ,
b10110101010110001010011001101010 )
b11001010010010000001001010010100 &
b0 "
b0 ?
b1 >
b100 =
b10110101010110001010011001101010 <
b11001010010010000001001010010100 :
1*
#2016
b11000110 B
b11000110 5
#2020
b10 +
b10 8
b11001111001100001001110010011110 (
b11001111001100001001110010011110 7
b11011100010000110000100010111000 %
b11011100010000110000100010111000 6
0*
#2025
b11001100000000000000100010011000 ;
b11001100000000000000100010011000 '
b10 =
b11001111001100001001110010011110 <
b11011100010000110000100010111000 :
b1111111000100001011010011111110 >
b1 "
b1 ?
b10 ,
b11001111001100001001110010011110 )
b11011100010000110000100010111000 &
b1111111000100001011010011111110 -
b1 .
1*
#2026
b11000111 B
b11000111 5
#2030
b11 +
b11 8
b10000011111110100110010000000111 (
b10000011111110100110010000000111 7
b100011010000000000101101000110 %
b100011010000000000101101000110 6
0*
#2035
b10100011111110100110111101000111 '
b10100011111110100110111101000111 ;
b1111111000100001011010011111110 .
b11001100000000000000100010011000 -
b11 ,
b10000011111110100110010000000111 )
b100011010000000000101101000110 &
b1111111000100001011010011111110 "
b1111111000100001011010011111110 ?
b11001100000000000000100010011000 >
b11 =
b10000011111110100110010000000111 <
b100011010000000000101101000110 :
1*
#2036
b11001000 B
b11001000 5
#2040
02
0*
